id,mag,place,time,updated,tz,url,detail,felt,cdi,mmi,alert,status,tsunami,sig,net,code,ids,sources,types,nst,dmin,rms,gap,magType,type,title
us6000jn0h,4.8,"15 km SSW of Yesilyurt, Turkey",1676004624897,1676012348092,,https://earthquake.usgs.gov/earthquakes/eventpage/us6000jn0h,https://earthquake.usgs.gov/earthquakes/feed/v1.0/detail/us6000jn0h.geojson,1,2.000000000000000,0.000000000000000,,reviewed,0,355,us,6000jn0h,",us6000jn0h,",",us,",",dyfi,moment-tensor,origin,phase-data,",55,1.255,0.760,79.000,mb,earthquake,"M 4.8 - 15 km SSW of Yesilyurt, Turkey"
us6000jmzl,4.4,"7 km NNW of ├çelikhan, Turkey",1675994622936,1675995792040,,https://earthquake.usgs.gov/earthquakes/eventpage/us6000jmzl,https://earthquake.usgs.gov/earthquakes/feed/v1.0/detail/us6000jmzl.geojson,0,0.000000000000000,0.000000000000000,,reviewed,0,298,us,6000jmzl,",us6000jmzl,",",us,",",origin,phase-data,",35,1.211,1.190,66.000,mb,earthquake,"M 4.4 - 7 km NNW of ├çelikhan, Turkey"
us6000jmzj,4.9,central Turkey,1675993860509,1675995329040,,https://earthquake.usgs.gov/earthquakes/eventpage/us6000jmzj,https://earthquake.usgs.gov/earthquakes/feed/v1.0/detail/us6000jmzj.geojson,0,0.000000000000000,0.000000000000000,,reviewed,0,369,us,6000jmzj,",us6000jmzj,",",us,",",origin,phase-data,",39,0.816,0.730,49.000,mb,earthquake,M 4.9 - central Turkey
us6000jmvs,4.2,"21 km SE of Hasanbeyli, Turkey",1675980399722,1675981910040,,https://earthquake.usgs.gov/earthquakes/eventpage/us6000jmvs,https://earthquake.usgs.gov/earthquakes/feed/v1.0/detail/us6000jmvs.geojson,0,0.000000000000000,0.000000000000000,,reviewed,0,271,us,6000jmvs,",us6000jmvs,",",us,",",origin,phase-data,",58,0.461,1.090,68.000,mb,earthquake,"M 4.2 - 21 km SE of Hasanbeyli, Turkey"
us6000jmvn,4.1,"8 km E of Nurdagi, Turkey",1675979189575,1675981229040,,https://earthquake.usgs.gov/earthquakes/eventpage/us6000jmvn,https://earthquake.usgs.gov/earthquakes/feed/v1.0/detail/us6000jmvn.geojson,0,0.000000000000000,0.000000000000000,,reviewed,0,259,us,6000jmvn,",us6000jmvn,",",us,",",origin,phase-data,",39,0.306,0.520,84.000,mb,earthquake,"M 4.1 - 8 km E of Nurdagi, Turkey"
us6000jmpe,4.3,eastern Turkey,1675936016179,1675974861991,,https://earthquake.usgs.gov/earthquakes/eventpage/us6000jmpe,https://earthquake.usgs.gov/earthquakes/feed/v1.0/detail/us6000jmpe.geojson,2,2.700000000000000,0.000000000000000,,reviewed,0,285,us,6000jmpe,",us6000jmpe,",",us,",",dyfi,origin,phase-data,",32,1.396,0.490,121.000,mb,earthquake,M 4.3 - eastern Turkey
us6000jmnx,4.3,"11 km E of G├╢ksun, Turkey",1675928529215,1675929679040,,https://earthquake.usgs.gov/earthquakes/eventpage/us6000jmnx,https://earthquake.usgs.gov/earthquakes/feed/v1.0/detail/us6000jmnx.geojson,0,0.000000000000000,0.000000000000000,,reviewed,0,284,us,6000jmnx,",us6000jmnx,",",us,",",origin,phase-data,",39,0.960,0.950,70.000,mb,earthquake,"M 4.3 - 11 km E of G├╢ksun, Turkey"
us6000jmnp,4.8,"18 km NNE of Asagi Karafakili, Turkey",1675927096806,1675930397005,,https://earthquake.usgs.gov/earthquakes/eventpage/us6000jmnp,https://earthquake.usgs.gov/earthquakes/feed/v1.0/detail/us6000jmnp.geojson,2,2.200000000000000,0.000000000000000,,reviewed,0,355,us,6000jmnp,",us6000jmnp,",",us,",",dyfi,origin,phase-data,",71,0.510,0.580,39.000,mb,earthquake,"M 4.8 - 18 km NNE of Asagi Karafakili, Turkey"
us6000jmnc,4.1,"10 km SSW of Yesilyurt, Turkey",1675921055117,1675924237040,,https://earthquake.usgs.gov/earthquakes/eventpage/us6000jmnc,https://earthquake.usgs.gov/earthquakes/feed/v1.0/detail/us6000jmnc.geojson,0,0.000000000000000,0.000000000000000,,reviewed,0,259,us,6000jmnc,",us6000jmnc,",",us,",",origin,phase-data,",27,1.302,0.610,104.000,mb,earthquake,"M 4.1 - 10 km SSW of Yesilyurt, Turkey"
us6000jmn4,4.3,eastern Turkey,1675917285360,1675998915040,,https://earthquake.usgs.gov/earthquakes/eventpage/us6000jmn4,https://earthquake.usgs.gov/earthquakes/feed/v1.0/detail/us6000jmn4.geojson,0,0.000000000000000,0.000000000000000,,reviewed,0,284,us,6000jmn4,",us6000jmn4,",",us,",",origin,phase-data,",28,1.350,0.620,115.000,mb,earthquake,M 4.3 - eastern Turkey
us6000jmmz,4.5,"7 km WSW of Sincik, Turkey",1675914739732,1675997839040,,https://earthquake.usgs.gov/earthquakes/eventpage/us6000jmmz,https://earthquake.usgs.gov/earthquakes/feed/v1.0/detail/us6000jmmz.geojson,0,0.000000000000000,0.000000000000000,,reviewed,0,312,us,6000jmmz,",us6000jmmz,",",us,",",origin,phase-data,",23,1.347,0.690,121.000,mb,earthquake,"M 4.5 - 7 km WSW of Sincik, Turkey"
us6000jmmw,4.3,"8 km W of Hassa, Turkey",1675913095884,1675996625040,,https://earthquake.usgs.gov/earthquakes/eventpage/us6000jmmw,https://earthquake.usgs.gov/earthquakes/feed/v1.0/detail/us6000jmmw.geojson,0,0.000000000000000,0.000000000000000,,reviewed,0,284,us,6000jmmw,",us6000jmmw,",",us,",",origin,phase-data,",23,0.723,1.050,154.000,mb,earthquake,"M 4.3 - 8 km W of Hassa, Turkey"
us6000jmma,4.4,"9 km NNE of G├╢lbasi, Turkey",1675907060184,1675995185040,,https://earthquake.usgs.gov/earthquakes/eventpage/us6000jmma,https://earthquake.usgs.gov/earthquakes/feed/v1.0/detail/us6000jmma.geojson,0,0.000000000000000,0.000000000000000,,reviewed,0,298,us,6000jmma,",us6000jmma,",",us,",",origin,phase-data,",38,0.781,0.760,106.000,mb,earthquake,"M 4.4 - 9 km NNE of G├╢lbasi, Turkey"
us6000jmm7,4.4,eastern Turkey,1675906693965,1675994882040,,https://earthquake.usgs.gov/earthquakes/eventpage/us6000jmm7,https://earthquake.usgs.gov/earthquakes/feed/v1.0/detail/us6000jmm7.geojson,0,0.000000000000000,0.000000000000000,,reviewed,0,298,us,6000jmm7,",us6000jmm7,",",us,",",origin,phase-data,",37,1.160,0.680,78.000,mb,earthquake,M 4.4 - eastern Turkey
us6000jmlx,4.2,"4 km SSW of Sivrice, Turkey",1675902737238,1675903591040,,https://earthquake.usgs.gov/earthquakes/eventpage/us6000jmlx,https://earthquake.usgs.gov/earthquakes/feed/v1.0/detail/us6000jmlx.geojson,0,0.000000000000000,0.000000000000000,,reviewed,0,271,us,6000jmlx,",us6000jmlx,",",us,",",origin,phase-data,",20,1.604,0.920,101.000,mb,earthquake,"M 4.2 - 4 km SSW of Sivrice, Turkey"
us6000jmll,4.0,"9 km SSW of Yesilyurt, Turkey",1675895810425,1675896435040,,https://earthquake.usgs.gov/earthquakes/eventpage/us6000jmll,https://earthquake.usgs.gov/earthquakes/feed/v1.0/detail/us6000jmll.geojson,0,0.000000000000000,0.000000000000000,,reviewed,0,246,us,6000jmll,",us6000jmll,",",us,",",origin,phase-data,",29,1.309,0.600,91.000,mb,earthquake,"M 4.0 - 9 km SSW of Yesilyurt, Turkey"
us6000jmkh,4.5,"13 km SW of Yesilyurt, Turkey",1675887126247,1675923497917,,https://earthquake.usgs.gov/earthquakes/eventpage/us6000jmkh,https://earthquake.usgs.gov/earthquakes/feed/v1.0/detail/us6000jmkh.geojson,2,2.000000000000000,0.000000000000000,,reviewed,0,312,us,6000jmkh,",us6000jmkh,",",us,",",dyfi,origin,phase-data,",29,1.274,1.180,103.000,mb,earthquake,"M 4.5 - 13 km SW of Yesilyurt, Turkey"
us6000jmjj,4.5,eastern Turkey,1675879043222,1675946067111,,https://earthquake.usgs.gov/earthquakes/eventpage/us6000jmjj,https://earthquake.usgs.gov/earthquakes/feed/v1.0/detail/us6000jmjj.geojson,1,1.000000000000000,0.000000000000000,,reviewed,0,312,us,6000jmjj,",us6000jmjj,",",us,",",dyfi,origin,phase-data,",34,1.567,1.200,48.000,mb,earthquake,M 4.5 - eastern Turkey
us6000jmh3,5.1,"1 km E of Nurhak, Turkey",1675866025727,1675981111040,,https://earthquake.usgs.gov/earthquakes/eventpage/us6000jmh3,https://earthquake.usgs.gov/earthquakes/feed/v1.0/detail/us6000jmh3.geojson,3,6.200000000000000,0.000000000000000,,reviewed,0,402,us,6000jmh3,",us6000jmh3,",",us,",",dyfi,moment-tensor,origin,phase-data,",143,0.814,0.880,55.000,mww,earthquake,"M 5.1 - 1 km E of Nurhak, Turkey"
us6000jmgg,4.6,"14 km ESE of Nurhak, Turkey",1675855441531,1675981745040,,https://earthquake.usgs.gov/earthquakes/eventpage/us6000jmgg,https://earthquake.usgs.gov/earthquakes/feed/v1.0/detail/us6000jmgg.geojson,0,0.000000000000000,0.000000000000000,,reviewed,0,326,us,6000jmgg,",us6000jmgg,",",us,",",moment-tensor,origin,phase-data,",69,0.805,0.680,78.000,mb,earthquake,"M 4.6 - 14 km ESE of Nurhak, Turkey"
us6000jmgf,5.4,"18 km N of G├╢lbasi, Turkey",1675854712720,1675981535040,,https://earthquake.usgs.gov/earthquakes/eventpage/us6000jmgf,https://earthquake.usgs.gov/earthquakes/feed/v1.0/detail/us6000jmgf.geojson,3,3.100000000000000,6.414000000000000,green,reviewed,0,450,us,6000jmgf,",us6000jmgf,",",us,",",dyfi,losspager,moment-tensor,origin,phase-data,shakemap,",112,0.849,0.800,44.000,mww,earthquake,"M 5.4 - 18 km N of G├╢lbasi, Turkey"
us6000jmge,4.3,"4 km W of Dogansehir, Turkey",1675854020006,1675982555040,,https://earthquake.usgs.gov/earthquakes/eventpage/us6000jmge,https://earthquake.usgs.gov/earthquakes/feed/v1.0/detail/us6000jmge.geojson,0,0.000000000000000,0.000000000000000,,reviewed,0,284,us,6000jmge,",us6000jmge,",",us,",",moment-tensor,origin,phase-data,",28,1.035,0.500,98.000,mb,earthquake,"M 4.3 - 4 km W of Dogansehir, Turkey"
us6000jmg9,4.5,"19 km NNE of Musabeyli, Turkey",1675851983732,1675982814040,,https://earthquake.usgs.gov/earthquakes/eventpage/us6000jmg9,https://earthquake.usgs.gov/earthquakes/feed/v1.0/detail/us6000jmg9.geojson,2,2.700000000000000,0.000000000000000,,reviewed,0,312,us,6000jmg9,",us6000jmg9,",",us,",",dyfi,moment-tensor,origin,phase-data,",68,0.201,0.890,115.000,mb,earthquake,"M 4.5 - 19 km NNE of Musabeyli, Turkey"
us6000jmg1,4.9,"3 km SW of G├╢ksun, Turkey",1675842512134,1675981288040,,https://earthquake.usgs.gov/earthquakes/eventpage/us6000jmg1,https://earthquake.usgs.gov/earthquakes/feed/v1.0/detail/us6000jmg1.geojson,4,3.400000000000000,0.000000000000000,,reviewed,0,371,us,6000jmg1,",us6000jmg1,",",us,",",dyfi,moment-tensor,origin,phase-data,",70,0.983,0.960,24.000,mb,earthquake,"M 4.9 - 3 km SW of G├╢ksun, Turkey"
us6000jmfn,4.4,Turkey-Syria border region,1675836541827,1675840170941,,https://earthquake.usgs.gov/earthquakes/eventpage/us6000jmfn,https://earthquake.usgs.gov/earthquakes/feed/v1.0/detail/us6000jmfn.geojson,1,2.000000000000000,0.000000000000000,,reviewed,0,298,us,6000jmfn,",us6000jmfn,",",us,",",dyfi,origin,phase-data,",39,1.188,0.590,186.000,mb,earthquake,M 4.4 - Turkey-Syria border region
us6000jmfk,4.6,"16 km E of G├╢ksun, Turkey",1675835557740,1675982239040,,https://earthquake.usgs.gov/earthquakes/eventpage/us6000jmfk,https://earthquake.usgs.gov/earthquakes/feed/v1.0/detail/us6000jmfk.geojson,0,0.000000000000000,0.000000000000000,,reviewed,0,326,us,6000jmfk,",us6000jmfk,",",us,",",moment-tensor,origin,phase-data,",37,0.971,0.970,67.000,mb,earthquake,"M 4.6 - 16 km E of G├╢ksun, Turkey"
us6000jmer,4.3,"15 km S of Nurdagi, Turkey",1675825262295,1675832329040,,https://earthquake.usgs.gov/earthquakes/eventpage/us6000jmer,https://earthquake.usgs.gov/earthquakes/feed/v1.0/detail/us6000jmer.geojson,0,0.000000000000000,0.000000000000000,,reviewed,0,284,us,6000jmer,",us6000jmer,",",us,",",origin,phase-data,",24,0.415,0.490,113.000,mb,earthquake,"M 4.3 - 15 km S of Nurdagi, Turkey"
us6000jmem,4.3,"18 km NW of Adiyaman, Turkey",1675823112711,1675830980040,,https://earthquake.usgs.gov/earthquakes/eventpage/us6000jmem,https://earthquake.usgs.gov/earthquakes/feed/v1.0/detail/us6000jmem.geojson,0,0.000000000000000,0.000000000000000,,reviewed,0,284,us,6000jmem,",us6000jmem,",",us,",",origin,phase-data,",44,1.007,0.620,101.000,mb,earthquake,"M 4.3 - 18 km NW of Adiyaman, Turkey"
us6000jme5,4.0,Central Turkey,1675815116157,1675816469040,,https://earthquake.usgs.gov/earthquakes/eventpage/us6000jme5,https://earthquake.usgs.gov/earthquakes/feed/v1.0/detail/us6000jme5.geojson,0,0.000000000000000,0.000000000000000,,reviewed,0,246,us,6000jme5,",us6000jme5,",",us,",",origin,phase-data,",29,0.954,0.890,58.000,mb,earthquake,M 4.0 - Central Turkey
us6000jmc7,4.9,Central Turkey,1675804886864,1675817673549,,https://earthquake.usgs.gov/earthquakes/eventpage/us6000jmc7,https://earthquake.usgs.gov/earthquakes/feed/v1.0/detail/us6000jmc7.geojson,1,3.400000000000000,0.000000000000000,,reviewed,0,370,us,6000jmc7,",us6000jmc7,",",us,",",dyfi,origin,phase-data,",77,0.742,0.910,55.000,mb,earthquake,M 4.9 - Central Turkey
us6000jmbq,4.6,"11 km SSE of Palu, Turkey",1675799663789,1675810580040,,https://earthquake.usgs.gov/earthquakes/eventpage/us6000jmbq,https://earthquake.usgs.gov/earthquakes/feed/v1.0/detail/us6000jmbq.geojson,0,0.000000000000000,0.000000000000000,,reviewed,0,326,us,6000jmbq,",us6000jmbq,",",us,",",moment-tensor,origin,phase-data,",122,1.428,0.600,34.000,mwr,earthquake,"M 4.6 - 11 km SSE of Palu, Turkey"
us6000jmbj,4.4,"15 km SSE of Afsin, Turkey",1675797228746,1675809550040,,https://earthquake.usgs.gov/earthquakes/eventpage/us6000jmbj,https://earthquake.usgs.gov/earthquakes/feed/v1.0/detail/us6000jmbj.geojson,0,0.000000000000000,0.000000000000000,,reviewed,0,298,us,6000jmbj,",us6000jmbj,",",us,",",origin,phase-data,",75,0.964,0.760,44.000,mb,earthquake,"M 4.4 - 15 km SSE of Afsin, Turkey"
us6000jmat,5.3,"11 km SE of G├╢ksun, Turkey",1675793400474,1675978546415,,https://earthquake.usgs.gov/earthquakes/eventpage/us6000jmat,https://earthquake.usgs.gov/earthquakes/feed/v1.0/detail/us6000jmat.geojson,8,3.600000000000000,0.000000000000000,,reviewed,0,435,us,6000jmat,",us6000jmat,",",us,",",dyfi,moment-tensor,origin,phase-data,",163,0.921,0.700,29.000,mww,earthquake,"M 5.3 - 11 km SE of G├╢ksun, Turkey"
us6000jmar,4.2,Central Turkey,1675791480954,1675793457040,,https://earthquake.usgs.gov/earthquakes/eventpage/us6000jmar,https://earthquake.usgs.gov/earthquakes/feed/v1.0/detail/us6000jmar.geojson,0,0.000000000000000,0.000000000000000,,reviewed,0,271,us,6000jmar,",us6000jmar,",",us,",",origin,phase-data,",29,0.796,1.120,102.000,mb,earthquake,M 4.2 - Central Turkey
us6000jm96,5.0,"2 km NW of G├╢ksun, Turkey",1675784933715,1675792559728,,https://earthquake.usgs.gov/earthquakes/eventpage/us6000jm96,https://earthquake.usgs.gov/earthquakes/feed/v1.0/detail/us6000jm96.geojson,2,5.200000000000000,0.000000000000000,,reviewed,0,386,us,6000jm96,",us6000jm96,",",us,",",dyfi,moment-tensor,origin,phase-data,",105,0.955,0.670,23.000,mww,earthquake,"M 5.0 - 2 km NW of G├╢ksun, Turkey"
us6000jm95,4.6,"23 km SW of Pazarcik, Turkey",1675783889589,1675785948995,,https://earthquake.usgs.gov/earthquakes/eventpage/us6000jm95,https://earthquake.usgs.gov/earthquakes/feed/v1.0/detail/us6000jm95.geojson,2,2.200000000000000,0.000000000000000,,reviewed,0,326,us,6000jm95,",us6000jm95,",",us,",",dyfi,origin,phase-data,",89,0.150,0.700,75.000,mb,earthquake,"M 4.6 - 23 km SW of Pazarcik, Turkey"
us6000jm7q,4.4,"11 km S of Yesilyurt, Turkey",1675771624188,1675774107040,,https://earthquake.usgs.gov/earthquakes/eventpage/us6000jm7q,https://earthquake.usgs.gov/earthquakes/feed/v1.0/detail/us6000jm7q.geojson,0,0.000000000000000,0.000000000000000,,reviewed,0,298,us,6000jm7q,",us6000jm7q,",",us,",",origin,phase-data,",42,1.315,0.670,39.000,mb,earthquake,"M 4.4 - 11 km S of Yesilyurt, Turkey"
us6000jm7k,4.4,"29 km NNW of Kahramanmaras, Turkey",1675767390804,1675779127040,,https://earthquake.usgs.gov/earthquakes/eventpage/us6000jm7k,https://earthquake.usgs.gov/earthquakes/feed/v1.0/detail/us6000jm7k.geojson,0,0.000000000000000,0.000000000000000,,reviewed,0,298,us,6000jm7k,",us6000jm7k,",",us,",",origin,phase-data,",41,0.733,0.380,69.000,mb,earthquake,"M 4.4 - 29 km NNW of Kahramanmaras, Turkey"
us6000jm7h,4.6,"15 km NW of ├çelikhan, Turkey",1675765651295,1675768870040,,https://earthquake.usgs.gov/earthquakes/eventpage/us6000jm7h,https://earthquake.usgs.gov/earthquakes/feed/v1.0/detail/us6000jm7h.geojson,0,0.000000000000000,0.000000000000000,,reviewed,0,326,us,6000jm7h,",us6000jm7h,",",us,",",origin,phase-data,",63,1.202,0.510,67.000,mb,earthquake,"M 4.6 - 15 km NW of ├çelikhan, Turkey"
us6000jm7f,5.4,"6 km WSW of Sincik, Turkey",1675765093368,1675952255591,,https://earthquake.usgs.gov/earthquakes/eventpage/us6000jm7f,https://earthquake.usgs.gov/earthquakes/feed/v1.0/detail/us6000jm7f.geojson,0,0.000000000000000,6.677000000000000,green,reviewed,0,449,us,6000jm7f,",us6000jm7f,",",us,",",losspager,moment-tensor,origin,phase-data,shakemap,",94,1.348,0.560,29.000,mww,earthquake,"M 5.4 - 6 km WSW of Sincik, Turkey"
us6000jm71,4.5,"4 km ESE of Nurhak, Turkey",1675758347353,1675759698040,,https://earthquake.usgs.gov/earthquakes/eventpage/us6000jm71,https://earthquake.usgs.gov/earthquakes/feed/v1.0/detail/us6000jm71.geojson,0,0.000000000000000,0.000000000000000,,reviewed,0,312,us,6000jm71,",us6000jm71,",",us,",",origin,phase-data,",31,0.803,0.710,72.000,mb,earthquake,"M 4.5 - 4 km ESE of Nurhak, Turkey"
us6000jm6v,4.5,"19 km WSW of Dogansehir, Turkey",1675754796400,1675758589040,,https://earthquake.usgs.gov/earthquakes/eventpage/us6000jm6v,https://earthquake.usgs.gov/earthquakes/feed/v1.0/detail/us6000jm6v.geojson,0,0.000000000000000,0.000000000000000,,reviewed,0,312,us,6000jm6v,",us6000jm6v,",",us,",",origin,phase-data,",35,0.932,0.620,113.000,mb,earthquake,"M 4.5 - 19 km WSW of Dogansehir, Turkey"
us6000jm6p,5.4,eastern Turkey,1675753874840,1675980034606,,https://earthquake.usgs.gov/earthquakes/eventpage/us6000jm6p,https://earthquake.usgs.gov/earthquakes/feed/v1.0/detail/us6000jm6p.geojson,0,0.000000000000000,6.705000000000000,green,reviewed,0,449,us,6000jm6p,",us6000jm6p,",",us,",",losspager,moment-tensor,origin,phase-data,shakemap,",119,1.494,0.590,29.000,mww,earthquake,M 5.4 - eastern Turkey
us6000jm6b,4.6,"30 km WNW of Dogansehir, Turkey",1675752533332,1675756210040,,https://earthquake.usgs.gov/earthquakes/eventpage/us6000jm6b,https://earthquake.usgs.gov/earthquakes/feed/v1.0/detail/us6000jm6b.geojson,0,0.000000000000000,0.000000000000000,,reviewed,0,326,us,6000jm6b,",us6000jm6b,",",us,",",origin,phase-data,",58,1.103,0.690,67.000,mb,earthquake,"M 4.6 - 30 km WNW of Dogansehir, Turkey"
us6000jm69,4.5,"4 km NW of G├╢ksun, Turkey",1675752054343,1675753993040,,https://earthquake.usgs.gov/earthquakes/eventpage/us6000jm69,https://earthquake.usgs.gov/earthquakes/feed/v1.0/detail/us6000jm69.geojson,0,0.000000000000000,0.000000000000000,,reviewed,0,312,us,6000jm69,",us6000jm69,",",us,",",origin,phase-data,",37,0.933,0.450,74.000,mb,earthquake,"M 4.5 - 4 km NW of G├╢ksun, Turkey"
us6000jm63,4.4,"5 km S of Boynuyogun, Turkey",1675747591390,1675750777920,,https://earthquake.usgs.gov/earthquakes/eventpage/us6000jm63,https://earthquake.usgs.gov/earthquakes/feed/v1.0/detail/us6000jm63.geojson,1,2.200000000000000,0.000000000000000,,reviewed,0,298,us,6000jm63,",us6000jm63,",",us,",",dyfi,origin,phase-data,",50,1.259,0.480,128.000,mb,earthquake,"M 4.4 - 5 km S of Boynuyogun, Turkey"
us6000jm5s,4.3,Central Turkey,1675743402757,1675826639040,,https://earthquake.usgs.gov/earthquakes/eventpage/us6000jm5s,https://earthquake.usgs.gov/earthquakes/feed/v1.0/detail/us6000jm5s.geojson,0,0.000000000000000,0.000000000000000,,reviewed,0,284,us,6000jm5s,",us6000jm5s,",",us,",",origin,phase-data,",20,0.708,0.370,87.000,mb,earthquake,M 4.3 - Central Turkey
us6000jm5j,4.2,Turkey-Syria border region,1675741020775,1675824046040,,https://earthquake.usgs.gov/earthquakes/eventpage/us6000jm5j,https://earthquake.usgs.gov/earthquakes/feed/v1.0/detail/us6000jm5j.geojson,0,0.000000000000000,0.000000000000000,,reviewed,0,271,us,6000jm5j,",us6000jm5j,",",us,",",origin,phase-data,",27,1.179,0.730,194.000,mb,earthquake,M 4.2 - Turkey-Syria border region
us6000jm5e,5.5,"8 km ESE of G├╢lbasi, Turkey",1675739592767,1675978291564,,https://earthquake.usgs.gov/earthquakes/eventpage/us6000jm5e,https://earthquake.usgs.gov/earthquakes/feed/v1.0/detail/us6000jm5e.geojson,3,7.400000000000000,6.555000000000000,green,reviewed,0,468,us,6000jm5e,",us6000jm5e,",",us,",",dyfi,losspager,moment-tensor,origin,phase-data,shakemap,",131,0.717,0.600,45.000,mww,earthquake,"M 5.5 - 8 km ESE of G├╢lbasi, Turkey"
us6000jm5c,4.6,"16 km N of G├╢lbasi, Turkey",1675739337191,1675820491908,,https://earthquake.usgs.gov/earthquakes/eventpage/us6000jm5c,https://earthquake.usgs.gov/earthquakes/feed/v1.0/detail/us6000jm5c.geojson,1,2.700000000000000,0.000000000000000,,reviewed,0,326,us,6000jm5c,",us6000jm5c,",",us,",",dyfi,origin,phase-data,",63,0.834,0.650,80.000,mb,earthquake,"M 4.6 - 16 km N of G├╢lbasi, Turkey"
us6000jm5a,4.4,"25 km SSW of Pazarcik, Turkey",1675738974913,1675819819040,,https://earthquake.usgs.gov/earthquakes/eventpage/us6000jm5a,https://earthquake.usgs.gov/earthquakes/feed/v1.0/detail/us6000jm5a.geojson,0,0.000000000000000,0.000000000000000,,reviewed,0,298,us,6000jm5a,",us6000jm5a,",",us,",",origin,phase-data,",28,0.093,0.620,71.000,mb,earthquake,"M 4.4 - 25 km SSW of Pazarcik, Turkey"
us6000jm57,4.3,"15 km SW of G├╢ksun, Turkey",1675738407542,1675818309040,,https://earthquake.usgs.gov/earthquakes/eventpage/us6000jm57,https://earthquake.usgs.gov/earthquakes/feed/v1.0/detail/us6000jm57.geojson,0,0.000000000000000,0.000000000000000,,reviewed,0,284,us,6000jm57,",us6000jm57,",",us,",",origin,phase-data,",20,0.984,0.600,82.000,mb,earthquake,"M 4.3 - 15 km SW of G├╢ksun, Turkey"
us6000jm54,4.4,central Turkey,1675737808064,1675815006040,,https://earthquake.usgs.gov/earthquakes/eventpage/us6000jm54,https://earthquake.usgs.gov/earthquakes/feed/v1.0/detail/us6000jm54.geojson,0,0.000000000000000,0.000000000000000,,reviewed,0,298,us,6000jm54,",us6000jm54,",",us,",",origin,phase-data,",24,0.968,0.590,57.000,mb,earthquake,M 4.4 - central Turkey
us6000jm53,4.2,"7 km N of Darende, Turkey",1675737543922,1675814430040,,https://earthquake.usgs.gov/earthquakes/eventpage/us6000jm53,https://earthquake.usgs.gov/earthquakes/feed/v1.0/detail/us6000jm53.geojson,0,0.000000000000000,0.000000000000000,,reviewed,0,271,us,6000jm53,",us6000jm53,",",us,",",origin,phase-data,",32,1.323,0.540,64.000,mb,earthquake,"M 4.2 - 7 km N of Darende, Turkey"
us6000jm4x,4.4,"17 km WSW of Pazarcik, Turkey",1675733670485,1675811683849,,https://earthquake.usgs.gov/earthquakes/eventpage/us6000jm4x,https://earthquake.usgs.gov/earthquakes/feed/v1.0/detail/us6000jm4x.geojson,1,2.000000000000000,0.000000000000000,,reviewed,0,298,us,6000jm4x,",us6000jm4x,",",us,",",dyfi,origin,phase-data,",30,0.253,0.950,73.000,mb,earthquake,"M 4.4 - 17 km WSW of Pazarcik, Turkey"
us6000jm4r,4.1,"21 km ENE of G├╢ksun, Turkey",1675733359249,1675808896040,,https://earthquake.usgs.gov/earthquakes/eventpage/us6000jm4r,https://earthquake.usgs.gov/earthquakes/feed/v1.0/detail/us6000jm4r.geojson,0,0.000000000000000,0.000000000000000,,reviewed,0,259,us,6000jm4r,",us6000jm4r,",",us,",",origin,phase-data,",40,0.976,0.680,65.000,mb,earthquake,"M 4.1 - 21 km ENE of G├╢ksun, Turkey"
us6000jm3n,4.4,"7 km WNW of G├╢ksun, Turkey",1675722579918,1675757341188,,https://earthquake.usgs.gov/earthquakes/eventpage/us6000jm3n,https://earthquake.usgs.gov/earthquakes/feed/v1.0/detail/us6000jm3n.geojson,2,5.000000000000000,0.000000000000000,,reviewed,0,299,us,6000jm3n,",us6000jm3n,",",us,",",dyfi,origin,phase-data,",45,0.917,0.770,75.000,mb,earthquake,"M 4.4 - 7 km WNW of G├╢ksun, Turkey"
us6000jm3l,4.3,"9 km SSW of Nurhak, Turkey",1675722378993,1675723812040,,https://earthquake.usgs.gov/earthquakes/eventpage/us6000jm3l,https://earthquake.usgs.gov/earthquakes/feed/v1.0/detail/us6000jm3l.geojson,0,0.000000000000000,0.000000000000000,,reviewed,0,284,us,6000jm3l,",us6000jm3l,",",us,",",origin,phase-data,",46,0.727,1.380,68.000,mb,earthquake,"M 4.3 - 9 km SSW of Nurhak, Turkey"
us6000jm3f,4.4,"14 km N of ├çelikhan, Turkey",1675721497240,1675723200723,,https://earthquake.usgs.gov/earthquakes/eventpage/us6000jm3f,https://earthquake.usgs.gov/earthquakes/feed/v1.0/detail/us6000jm3f.geojson,1,2.000000000000000,0.000000000000000,,reviewed,0,298,us,6000jm3f,",us6000jm3f,",",us,",",dyfi,origin,phase-data,",51,1.270,0.650,94.000,mb,earthquake,"M 4.4 - 14 km N of ├çelikhan, Turkey"
us6000jm3c,5.1,"10 km E of G├╢ksun, Turkey",1675720664063,1675721827699,,https://earthquake.usgs.gov/earthquakes/eventpage/us6000jm3c,https://earthquake.usgs.gov/earthquakes/feed/v1.0/detail/us6000jm3c.geojson,1,2.200000000000000,0.000000000000000,,reviewed,0,400,us,6000jm3c,",us6000jm3c,",",us,",",dyfi,origin,phase-data,",93,0.986,0.900,28.000,mb,earthquake,"M 5.1 - 10 km E of G├╢ksun, Turkey"
us6000jm30,4.8,"9 km W of Ekin├╢z├╝, Turkey",1675718117630,1675718981040,,https://earthquake.usgs.gov/earthquakes/eventpage/us6000jm30,https://earthquake.usgs.gov/earthquakes/feed/v1.0/detail/us6000jm30.geojson,0,0.000000000000000,0.000000000000000,,reviewed,0,354,us,6000jm30,",us6000jm30,",",us,",",origin,phase-data,",94,0.897,0.760,49.000,mb,earthquake,"M 4.8 - 9 km W of Ekin├╢z├╝, Turkey"
us6000jm2x,4.4,Turkey-Syria border region,1675717323594,1675718188040,,https://earthquake.usgs.gov/earthquakes/eventpage/us6000jm2x,https://earthquake.usgs.gov/earthquakes/feed/v1.0/detail/us6000jm2x.geojson,0,0.000000000000000,0.000000000000000,,reviewed,0,298,us,6000jm2x,",us6000jm2x,",",us,",",origin,phase-data,",54,0.872,0.970,132.000,mb,earthquake,M 4.4 - Turkey-Syria border region
us6000jm2v,5.0,"10 km SSE of Yesilyurt, Turkey",1675716804303,1675788330040,,https://earthquake.usgs.gov/earthquakes/eventpage/us6000jm2v,https://earthquake.usgs.gov/earthquakes/feed/v1.0/detail/us6000jm2v.geojson,0,0.000000000000000,0.000000000000000,,reviewed,0,385,us,6000jm2v,",us6000jm2v,",",us,",",origin,phase-data,",100,1.340,0.830,55.000,mb,earthquake,"M 5.0 - 10 km SSE of Yesilyurt, Turkey"
us6000jm2t,4.9,"6 km SE of G├╢ksun, Turkey",1675716240097,1675788095040,,https://earthquake.usgs.gov/earthquakes/eventpage/us6000jm2t,https://earthquake.usgs.gov/earthquakes/feed/v1.0/detail/us6000jm2t.geojson,0,0.000000000000000,0.000000000000000,,reviewed,0,369,us,6000jm2t,",us6000jm2t,",",us,",",origin,phase-data,",66,0.963,0.620,44.000,mb,earthquake,"M 4.9 - 6 km SE of G├╢ksun, Turkey"
us6000jm2r,5.3,"30 km WNW of Gaziantep, Turkey",1675715871608,1675788019276,,https://earthquake.usgs.gov/earthquakes/eventpage/us6000jm2r,https://earthquake.usgs.gov/earthquakes/feed/v1.0/detail/us6000jm2r.geojson,2,3.400000000000000,0.000000000000000,,reviewed,0,433,us,6000jm2r,",us6000jm2r,",",us,",",dyfi,moment-tensor,origin,phase-data,",125,0.101,0.740,28.000,mww,earthquake,"M 5.3 - 30 km WNW of Gaziantep, Turkey"
us6000jm2k,4.2,"3 km SSE of G├╢ksun, Turkey",1675714451915,1675783905040,,https://earthquake.usgs.gov/earthquakes/eventpage/us6000jm2k,https://earthquake.usgs.gov/earthquakes/feed/v1.0/detail/us6000jm2k.geojson,0,0.000000000000000,0.000000000000000,,reviewed,0,271,us,6000jm2k,",us6000jm2k,",",us,",",origin,phase-data,",37,0.988,0.710,75.000,mb,earthquake,"M 4.2 - 3 km SSE of G├╢ksun, Turkey"
us6000jm29,4.7,"15 km WSW of G├╢ksun, Turkey",1675713934741,1675783484040,,https://earthquake.usgs.gov/earthquakes/eventpage/us6000jm29,https://earthquake.usgs.gov/earthquakes/feed/v1.0/detail/us6000jm29.geojson,0,0.000000000000000,0.000000000000000,,reviewed,0,340,us,6000jm29,",us6000jm29,",",us,",",origin,phase-data,",73,0.938,0.720,38.000,mb,earthquake,"M 4.7 - 15 km WSW of G├╢ksun, Turkey"
us6000jm28,4.3,"15 km NE of G├╢ksun, Turkey",1675712980124,1675782032040,,https://earthquake.usgs.gov/earthquakes/eventpage/us6000jm28,https://earthquake.usgs.gov/earthquakes/feed/v1.0/detail/us6000jm28.geojson,0,0.000000000000000,0.000000000000000,,reviewed,0,284,us,6000jm28,",us6000jm28,",",us,",",origin,phase-data,",34,0.960,0.630,67.000,mb,earthquake,"M 4.3 - 15 km NE of G├╢ksun, Turkey"
us6000jm2a,4.6,"5 km W of ├çelikhan, Turkey",1675712416073,1675781996040,,https://earthquake.usgs.gov/earthquakes/eventpage/us6000jm2a,https://earthquake.usgs.gov/earthquakes/feed/v1.0/detail/us6000jm2a.geojson,0,0.000000000000000,0.000000000000000,,reviewed,0,326,us,6000jm2a,",us6000jm2a,",",us,",",origin,phase-data,",89,1.150,0.700,54.000,mb,earthquake,"M 4.6 - 5 km W of ├çelikhan, Turkey"
us6000jm21,4.3,"12 km W of Pazarcik, Turkey",1675712150692,1675723141069,,https://earthquake.usgs.gov/earthquakes/eventpage/us6000jm21,https://earthquake.usgs.gov/earthquakes/feed/v1.0/detail/us6000jm21.geojson,1,4.800000000000000,0.000000000000000,,reviewed,0,285,us,6000jm21,",us6000jm21,",",us,",",dyfi,origin,phase-data,",43,0.301,0.690,59.000,mb,earthquake,"M 4.3 - 12 km W of Pazarcik, Turkey"
us6000jm1z,4.4,"12 km E of Ekin├╢z├╝, Turkey",1675711859956,1675722920040,,https://earthquake.usgs.gov/earthquakes/eventpage/us6000jm1z,https://earthquake.usgs.gov/earthquakes/feed/v1.0/detail/us6000jm1z.geojson,0,0.000000000000000,0.000000000000000,,reviewed,0,298,us,6000jm1z,",us6000jm1z,",",us,",",origin,phase-data,",53,0.895,0.950,82.000,mb,earthquake,"M 4.4 - 12 km E of Ekin├╢z├╝, Turkey"
us6000jm1w,4.4,"11 km WSW of G├╢ksun, Turkey",1675710947703,1675722795040,,https://earthquake.usgs.gov/earthquakes/eventpage/us6000jm1w,https://earthquake.usgs.gov/earthquakes/feed/v1.0/detail/us6000jm1w.geojson,0,0.000000000000000,0.000000000000000,,reviewed,0,298,us,6000jm1w,",us6000jm1w,",",us,",",origin,phase-data,",34,0.975,0.930,79.000,mb,earthquake,"M 4.4 - 11 km WSW of G├╢ksun, Turkey"
us6000jm1p,5.2,"6 km SW of G├╢ksun, Turkey",1675706633837,1675983621389,,https://earthquake.usgs.gov/earthquakes/eventpage/us6000jm1p,https://earthquake.usgs.gov/earthquakes/feed/v1.0/detail/us6000jm1p.geojson,2,5.800000000000000,0.000000000000000,,reviewed,0,417,us,6000jm1p,",us6000jm1p,",",us,",",dyfi,moment-tensor,origin,phase-data,",112,0.989,0.770,20.000,mww,earthquake,"M 5.2 - 6 km SW of G├╢ksun, Turkey"
us6000jm1n,4.4,"8 km N of G├╢ksun, Turkey",1675706564519,1675721878040,,https://earthquake.usgs.gov/earthquakes/eventpage/us6000jm1n,https://earthquake.usgs.gov/earthquakes/feed/v1.0/detail/us6000jm1n.geojson,0,0.000000000000000,0.000000000000000,,reviewed,0,298,us,6000jm1n,",us6000jm1n,",",us,",",origin,phase-data,",39,0.900,0.640,72.000,mb,earthquake,"M 4.4 - 8 km N of G├╢ksun, Turkey"
us6000jm13,4.5,"1 km WNW of Dogansehir, Turkey",1675705609973,1675721727040,,https://earthquake.usgs.gov/earthquakes/eventpage/us6000jm13,https://earthquake.usgs.gov/earthquakes/feed/v1.0/detail/us6000jm13.geojson,0,0.000000000000000,0.000000000000000,,reviewed,0,312,us,6000jm13,",us6000jm13,",",us,",",origin,phase-data,",51,1.050,1.090,83.000,mb,earthquake,"M 4.5 - 1 km WNW of Dogansehir, Turkey"
us6000jly1,4.5,"17 km WNW of Musabeyli, Turkey",1675704693226,1675720885040,,https://earthquake.usgs.gov/earthquakes/eventpage/us6000jly1,https://earthquake.usgs.gov/earthquakes/feed/v1.0/detail/us6000jly1.geojson,0,0.000000000000000,0.000000000000000,,reviewed,0,312,us,6000jly1,",us6000jly1,",",us,",",origin,phase-data,",56,0.422,1.240,86.000,mb,earthquake,"M 4.5 - 17 km WNW of Musabeyli, Turkey"
us6000jlwh,4.7,"19 km ENE of G├╢ksun, Turkey",1675704384437,1675720740040,,https://earthquake.usgs.gov/earthquakes/eventpage/us6000jlwh,https://earthquake.usgs.gov/earthquakes/feed/v1.0/detail/us6000jlwh.geojson,0,0.000000000000000,0.000000000000000,,reviewed,0,340,us,6000jlwh,",us6000jlwh,",",us,",",origin,phase-data,",80,1.001,0.970,42.000,mb,earthquake,"M 4.7 - 19 km ENE of G├╢ksun, Turkey"
us6000jlww,4.1,"8 km NNW of G├╢ksun, Turkey",1675704121451,1675720449040,,https://earthquake.usgs.gov/earthquakes/eventpage/us6000jlww,https://earthquake.usgs.gov/earthquakes/feed/v1.0/detail/us6000jlww.geojson,0,0.000000000000000,0.000000000000000,,reviewed,0,259,us,6000jlww,",us6000jlww,",",us,",",origin,phase-data,",24,0.902,1.100,77.000,mb,earthquake,"M 4.1 - 8 km NNW of G├╢ksun, Turkey"
us6000jlu3,4.3,"9 km WSW of Nurhak, Turkey",1675703507700,1675720764040,,https://earthquake.usgs.gov/earthquakes/eventpage/us6000jlu3,https://earthquake.usgs.gov/earthquakes/feed/v1.0/detail/us6000jlu3.geojson,0,0.000000000000000,0.000000000000000,,reviewed,0,284,us,6000jlu3,",us6000jlu3,",",us,",",origin,phase-data,",38,0.757,1.020,64.000,mb,earthquake,"M 4.3 - 9 km WSW of Nurhak, Turkey"
us6000jlth,4.5,"14 km N of Nurhak, Turkey",1675702537348,1675716306040,,https://earthquake.usgs.gov/earthquakes/eventpage/us6000jlth,https://earthquake.usgs.gov/earthquakes/feed/v1.0/detail/us6000jlth.geojson,0,0.000000000000000,0.000000000000000,,reviewed,0,312,us,6000jlth,",us6000jlth,",",us,",",origin,phase-data,",82,1.455,0.510,67.000,mb,earthquake,"M 4.5 - 14 km N of Nurhak, Turkey"
us6000jlta,5.0,"6 km SSW of G├╢ksun, Turkey",1675701809298,1675983321040,,https://earthquake.usgs.gov/earthquakes/eventpage/us6000jlta,https://earthquake.usgs.gov/earthquakes/feed/v1.0/detail/us6000jlta.geojson,3,6.000000000000000,0.000000000000000,,reviewed,0,386,us,6000jlta,",us6000jlta,",",us,",",dyfi,moment-tensor,origin,phase-data,",126,0.981,0.770,34.000,mb,earthquake,"M 5.0 - 6 km SSW of G├╢ksun, Turkey"
us6000jlt7,4.9,"14 km NNE of Kirikhan, Turkey",1675701131313,1675708809801,,https://earthquake.usgs.gov/earthquakes/eventpage/us6000jlt7,https://earthquake.usgs.gov/earthquakes/feed/v1.0/detail/us6000jlt7.geojson,0,1.000000000000000,0.000000000000000,,reviewed,0,369,us,6000jlt7,",us6000jlt7,",",us,",",dyfi,origin,phase-data,",51,0.831,0.970,93.000,mb,earthquake,"M 4.9 - 14 km NNE of Kirikhan, Turkey"
us6000jlt1,4.8,"10 km E of G├╢ksun, Turkey",1675700799603,1675701958040,,https://earthquake.usgs.gov/earthquakes/eventpage/us6000jlt1,https://earthquake.usgs.gov/earthquakes/feed/v1.0/detail/us6000jlt1.geojson,0,0.000000000000000,0.000000000000000,,reviewed,0,354,us,6000jlt1,",us6000jlt1,",",us,",",origin,phase-data,",68,0.976,0.670,39.000,mb,earthquake,"M 4.8 - 10 km E of G├╢ksun, Turkey"
us6000jlt5,4.6,"26 km WSW of Ekin├╢z├╝, Turkey",1675700775509,1675702946040,,https://earthquake.usgs.gov/earthquakes/eventpage/us6000jlt5,https://earthquake.usgs.gov/earthquakes/feed/v1.0/detail/us6000jlt5.geojson,0,0.000000000000000,0.000000000000000,,reviewed,0,326,us,6000jlt5,",us6000jlt5,",",us,",",origin,phase-data,",88,0.846,0.580,61.000,mb,earthquake,"M 4.6 - 26 km WSW of Ekin├╢z├╝, Turkey"
us6000jlsy,4.3,"10 km WSW of Ekin├╢z├╝, Turkey",1675699603568,1675705432040,,https://earthquake.usgs.gov/earthquakes/eventpage/us6000jlsy,https://earthquake.usgs.gov/earthquakes/feed/v1.0/detail/us6000jlsy.geojson,0,0.000000000000000,0.000000000000000,,reviewed,0,284,us,6000jlsy,",us6000jlsy,",",us,",",origin,phase-data,",19,0.858,0.490,100.000,mb,earthquake,"M 4.3 - 10 km WSW of Ekin├╢z├╝, Turkey"
us6000jlsu,5.2,"15 km NNW of ├çelikhan, Turkey",1675697612803,1675698589040,,https://earthquake.usgs.gov/earthquakes/eventpage/us6000jlsu,https://earthquake.usgs.gov/earthquakes/feed/v1.0/detail/us6000jlsu.geojson,0,0.000000000000000,0.000000000000000,,reviewed,0,416,us,6000jlsu,",us6000jlsu,",",us,",",origin,phase-data,",94,1.255,0.940,66.000,mb,earthquake,"M 5.2 - 15 km NNW of ├çelikhan, Turkey"
us6000jlsq,5.3,"12 km NE of G├╢lbasi, Turkey",1675696474430,1675707663780,,https://earthquake.usgs.gov/earthquakes/eventpage/us6000jlsq,https://earthquake.usgs.gov/earthquakes/feed/v1.0/detail/us6000jlsq.geojson,1,5.000000000000000,0.000000000000000,,reviewed,0,433,us,6000jlsq,",us6000jlsq,",",us,",",dyfi,origin,phase-data,",108,0.812,0.730,55.000,mb,earthquake,"M 5.3 - 12 km NE of G├╢lbasi, Turkey"
us6000jlsn,4.5,"14 km N of Tut, Turkey",1675695467066,1675706048040,,https://earthquake.usgs.gov/earthquakes/eventpage/us6000jlsn,https://earthquake.usgs.gov/earthquakes/feed/v1.0/detail/us6000jlsn.geojson,0,0.000000000000000,0.000000000000000,,reviewed,0,312,us,6000jlsn,",us6000jlsn,",",us,",",origin,phase-data,",25,1.867,0.590,108.000,mb,earthquake,"M 4.5 - 14 km N of Tut, Turkey"
us6000jlsl,4.4,"16 km WNW of Sincik, Turkey",1675695076243,1675705052040,,https://earthquake.usgs.gov/earthquakes/eventpage/us6000jlsl,https://earthquake.usgs.gov/earthquakes/feed/v1.0/detail/us6000jlsl.geojson,0,0.000000000000000,0.000000000000000,,reviewed,0,298,us,6000jlsl,",us6000jlsl,",",us,",",origin,phase-data,",23,1.337,1.250,115.000,mb,earthquake,"M 4.4 - 16 km WNW of Sincik, Turkey"
us6000jlsj,4.4,"5 km NW of Dogansehir, Turkey",1675694517408,1675706595040,,https://earthquake.usgs.gov/earthquakes/eventpage/us6000jlsj,https://earthquake.usgs.gov/earthquakes/feed/v1.0/detail/us6000jlsj.geojson,0,0.000000000000000,0.000000000000000,,reviewed,0,298,us,6000jlsj,",us6000jlsj,",",us,",",origin,phase-data,",15,1.068,0.490,99.000,mb,earthquake,"M 4.4 - 5 km NW of Dogansehir, Turkey"
us6000jlsf,4.7,"3 km SSE of G├╢ksun, Turkey",1675693798740,1675705743040,,https://earthquake.usgs.gov/earthquakes/eventpage/us6000jlsf,https://earthquake.usgs.gov/earthquakes/feed/v1.0/detail/us6000jlsf.geojson,0,0.000000000000000,0.000000000000000,,reviewed,0,340,us,6000jlsf,",us6000jlsf,",",us,",",origin,phase-data,",39,0.991,1.110,95.000,mb,earthquake,"M 4.7 - 3 km SSE of G├╢ksun, Turkey"
us6000jlse,4.5,"2 km WSW of Asagi Karafakili, Turkey",1675693663378,1675713817040,,https://earthquake.usgs.gov/earthquakes/eventpage/us6000jlse,https://earthquake.usgs.gov/earthquakes/feed/v1.0/detail/us6000jlse.geojson,0,0.000000000000000,0.000000000000000,,reviewed,0,312,us,6000jlse,",us6000jlse,",",us,",",origin,phase-data,",59,0.672,0.960,71.000,mb,earthquake,"M 4.5 - 2 km WSW of Asagi Karafakili, Turkey"
us6000jlsd,4.4,"5 km WSW of Nurhak, Turkey",1675693038940,1675708854040,,https://earthquake.usgs.gov/earthquakes/eventpage/us6000jlsd,https://earthquake.usgs.gov/earthquakes/feed/v1.0/detail/us6000jlsd.geojson,0,0.000000000000000,0.000000000000000,,reviewed,0,298,us,6000jlsd,",us6000jlsd,",",us,",",origin,phase-data,",44,0.783,0.700,88.000,mb,earthquake,"M 4.4 - 5 km WSW of Nurhak, Turkey"
us6000jlsb,4.5,"14 km S of Nurhak, Turkey",1675692611931,1675707980040,,https://earthquake.usgs.gov/earthquakes/eventpage/us6000jlsb,https://earthquake.usgs.gov/earthquakes/feed/v1.0/detail/us6000jlsb.geojson,0,0.000000000000000,0.000000000000000,,reviewed,0,312,us,6000jlsb,",us6000jlsb,",",us,",",origin,phase-data,",48,0.689,0.640,89.000,mb,earthquake,"M 4.5 - 14 km S of Nurhak, Turkey"
us6000jls9,4.4,central Turkey,1675692290340,1675704392040,,https://earthquake.usgs.gov/earthquakes/eventpage/us6000jls9,https://earthquake.usgs.gov/earthquakes/feed/v1.0/detail/us6000jls9.geojson,0,0.000000000000000,0.000000000000000,,reviewed,0,298,us,6000jls9,",us6000jls9,",",us,",",origin,phase-data,",46,0.984,0.740,72.000,mb,earthquake,M 4.4 - central Turkey
us6000jls6,5.0,"7 km SE of Nurhak, Turkey",1675691091613,1675707584917,,https://earthquake.usgs.gov/earthquakes/eventpage/us6000jls6,https://earthquake.usgs.gov/earthquakes/feed/v1.0/detail/us6000jls6.geojson,1,6.100000000000000,0.000000000000000,,reviewed,0,385,us,6000jls6,",us6000jls6,",",us,",",dyfi,origin,phase-data,",76,0.790,0.520,76.000,mb,earthquake,"M 5.0 - 7 km SE of Nurhak, Turkey"
us6000jls3,5.1,"3 km ENE of Kahramanmaras, Turkey",1675690751346,1675707609404,,https://earthquake.usgs.gov/earthquakes/eventpage/us6000jls3,https://earthquake.usgs.gov/earthquakes/feed/v1.0/detail/us6000jls3.geojson,1,7.200000000000000,0.000000000000000,,reviewed,0,401,us,6000jls3,",us6000jls3,",",us,",",dyfi,origin,phase-data,",45,0.466,0.900,60.000,mb,earthquake,"M 5.1 - 3 km ENE of Kahramanmaras, Turkey"
us6000jls0,4.9,"20 km SW of G├╢ksun, Turkey",1675689461894,1675696826286,,https://earthquake.usgs.gov/earthquakes/eventpage/us6000jls0,https://earthquake.usgs.gov/earthquakes/feed/v1.0/detail/us6000jls0.geojson,2,6.600000000000000,0.000000000000000,,reviewed,0,371,us,6000jls0,",us6000jls0,",",us,",",dyfi,origin,phase-data,",76,1.007,0.830,30.000,mb,earthquake,"M 4.9 - 20 km SW of G├╢ksun, Turkey"
us6000jlry,4.7,"17 km E of G├╢ksun, Turkey",1675689116766,1675700994040,,https://earthquake.usgs.gov/earthquakes/eventpage/us6000jlry,https://earthquake.usgs.gov/earthquakes/feed/v1.0/detail/us6000jlry.geojson,0,0.000000000000000,0.000000000000000,,reviewed,0,340,us,6000jlry,",us6000jlry,",",us,",",origin,phase-data,",50,0.921,0.700,69.000,mb,earthquake,"M 4.7 - 17 km E of G├╢ksun, Turkey"
us6000jlrv,5.0,"3 km NNW of Nurhak, Turkey",1675688864998,1675707251793,,https://earthquake.usgs.gov/earthquakes/eventpage/us6000jlrv,https://earthquake.usgs.gov/earthquakes/feed/v1.0/detail/us6000jlrv.geojson,1,6.600000000000000,0.000000000000000,,reviewed,0,385,us,6000jlrv,",us6000jlrv,",",us,",",dyfi,origin,phase-data,",72,0.837,0.580,88.000,mb,earthquake,"M 5.0 - 3 km NNW of Nurhak, Turkey"
us6000jlrt,4.5,"18 km NE of G├╢ksun, Turkey",1675688418039,1675726305040,,https://earthquake.usgs.gov/earthquakes/eventpage/us6000jlrt,https://earthquake.usgs.gov/earthquakes/feed/v1.0/detail/us6000jlrt.geojson,0,0.000000000000000,0.000000000000000,,reviewed,0,312,us,6000jlrt,",us6000jlrt,",",us,",",origin,phase-data,",24,0.975,0.970,96.000,mb,earthquake,"M 4.5 - 18 km NE of G├╢ksun, Turkey"
us6000jlrq,4.6,Central Turkey,1675688080287,1675763644040,,https://earthquake.usgs.gov/earthquakes/eventpage/us6000jlrq,https://earthquake.usgs.gov/earthquakes/feed/v1.0/detail/us6000jlrq.geojson,0,0.000000000000000,0.000000000000000,,reviewed,0,326,us,6000jlrq,",us6000jlrq,",",us,",",origin,phase-data,",58,0.720,0.550,53.000,mb,earthquake,M 4.6 - Central Turkey
us6000jlrp,4.3,Central Turkey,1675687680893,1675762733040,,https://earthquake.usgs.gov/earthquakes/eventpage/us6000jlrp,https://earthquake.usgs.gov/earthquakes/feed/v1.0/detail/us6000jlrp.geojson,0,0.000000000000000,0.000000000000000,,reviewed,0,284,us,6000jlrp,",us6000jlrp,",",us,",",origin,phase-data,",36,0.891,0.540,61.000,mb,earthquake,M 4.3 - Central Turkey
us6000jlrk,4.7,"8 km N of ├çelikhan, Turkey",1675686996913,1675688821040,,https://earthquake.usgs.gov/earthquakes/eventpage/us6000jlrk,https://earthquake.usgs.gov/earthquakes/feed/v1.0/detail/us6000jlrk.geojson,0,0.000000000000000,0.000000000000000,,reviewed,0,340,us,6000jlrk,",us6000jlrk,",",us,",",origin,phase-data,",39,1.227,0.390,110.000,mb,earthquake,"M 4.7 - 8 km N of ├çelikhan, Turkey"
us6000jlrj,4.9,"9 km N of ├çelikhan, Turkey",1675686883520,1675707514081,,https://earthquake.usgs.gov/earthquakes/eventpage/us6000jlrj,https://earthquake.usgs.gov/earthquakes/feed/v1.0/detail/us6000jlrj.geojson,1,5.000000000000000,0.000000000000000,,reviewed,0,370,us,6000jlrj,",us6000jlrj,",",us,",",dyfi,origin,phase-data,",38,1.247,0.790,95.000,mb,earthquake,"M 4.9 - 9 km N of ├çelikhan, Turkey"
us6000jlrh,4.4,"7 km WNW of G├╢ksun, Turkey",1675686078935,1675761915590,,https://earthquake.usgs.gov/earthquakes/eventpage/us6000jlrh,https://earthquake.usgs.gov/earthquakes/feed/v1.0/detail/us6000jlrh.geojson,1,0.000000000000000,0.000000000000000,,reviewed,0,298,us,6000jlrh,",us6000jlrh,",",us,",",dyfi,origin,phase-data,",37,0.920,0.460,75.000,mb,earthquake,"M 4.4 - 7 km WNW of G├╢ksun, Turkey"
us6000jlrg,4.8,"7 km SSW of Nurhak, Turkey",1675685627350,1675687932040,,https://earthquake.usgs.gov/earthquakes/eventpage/us6000jlrg,https://earthquake.usgs.gov/earthquakes/feed/v1.0/detail/us6000jlrg.geojson,0,0.000000000000000,0.000000000000000,,reviewed,0,354,us,6000jlrg,",us6000jlrg,",",us,",",origin,phase-data,",72,0.747,0.680,68.000,mb,earthquake,"M 4.8 - 7 km SSW of Nurhak, Turkey"
us6000jlrc,6.0,"5 km NE of G├╢ksun, Turkey",1675684931825,1675856002553,,https://earthquake.usgs.gov/earthquakes/eventpage/us6000jlrc,https://earthquake.usgs.gov/earthquakes/feed/v1.0/detail/us6000jlrc.geojson,18,7.500000000000000,7.372000000000000,yellow,reviewed,0,664,us,6000jlrc,",us6000jlrc,",",us,",",dyfi,ground-failure,losspager,origin,phase-data,shakemap,",116,0.958,1.000,29.000,mb,earthquake,"M 6.0 - 5 km NE of G├╢ksun, Turkey"
us6000jlrb,4.8,"12 km NE of Nurhak, Turkey",1675684716837,1675689746040,,https://earthquake.usgs.gov/earthquakes/eventpage/us6000jlrb,https://earthquake.usgs.gov/earthquakes/feed/v1.0/detail/us6000jlrb.geojson,0,0.000000000000000,0.000000000000000,,reviewed,0,354,us,6000jlrb,",us6000jlrb,",",us,",",origin,phase-data,",58,0.904,0.610,73.000,mb,earthquake,"M 4.8 - 12 km NE of Nurhak, Turkey"
us6000jm76,4.5,Central Turkey,1675684281916,1675761073040,,https://earthquake.usgs.gov/earthquakes/eventpage/us6000jm76,https://earthquake.usgs.gov/earthquakes/feed/v1.0/detail/us6000jm76.geojson,0,0.000000000000000,0.000000000000000,,reviewed,0,312,us,6000jm76,",us6000jm76,",",us,",",origin,phase-data,",52,0.938,0.540,98.000,mb,earthquake,M 4.5 - Central Turkey
us6000jlra,4.5,"18 km WSW of G├╢ksun, Turkey",1675684205703,1675760512040,,https://earthquake.usgs.gov/earthquakes/eventpage/us6000jlra,https://earthquake.usgs.gov/earthquakes/feed/v1.0/detail/us6000jlra.geojson,0,0.000000000000000,0.000000000000000,,reviewed,0,312,us,6000jlra,",us6000jlra,",",us,",",origin,phase-data,",47,0.962,0.660,82.000,mb,earthquake,"M 4.5 - 18 km WSW of G├╢ksun, Turkey"
us6000jlr7,4.8,"8 km ENE of G├╢ksun, Turkey",1675683581423,1675692874040,,https://earthquake.usgs.gov/earthquakes/eventpage/us6000jlr7,https://earthquake.usgs.gov/earthquakes/feed/v1.0/detail/us6000jlr7.geojson,0,0.000000000000000,0.000000000000000,,reviewed,0,354,us,6000jlr7,",us6000jlr7,",",us,",",origin,phase-data,",54,0.982,0.600,48.000,mb,earthquake,"M 4.8 - 8 km ENE of G├╢ksun, Turkey"
us6000jlr9,4.5,"7 km W of Nurhak, Turkey",1675683329956,1675759564397,,https://earthquake.usgs.gov/earthquakes/eventpage/us6000jlr9,https://earthquake.usgs.gov/earthquakes/feed/v1.0/detail/us6000jlr9.geojson,1,0.000000000000000,0.000000000000000,,reviewed,0,312,us,6000jlr9,",us6000jlr9,",",us,",",dyfi,origin,phase-data,",78,0.796,0.480,64.000,mb,earthquake,"M 4.5 - 7 km W of Nurhak, Turkey"
us6000jlr0,4.3,"7 km S of ├çelikhan, Turkey",1675682881748,1675750259040,,https://earthquake.usgs.gov/earthquakes/eventpage/us6000jlr0,https://earthquake.usgs.gov/earthquakes/feed/v1.0/detail/us6000jlr0.geojson,0,0.000000000000000,0.000000000000000,,reviewed,0,284,us,6000jlr0,",us6000jlr0,",",us,",",origin,phase-data,",41,1.136,0.470,119.000,mb,earthquake,"M 4.3 - 7 km S of ├çelikhan, Turkey"
us6000jlqx,4.9,"8 km N of ├çaglayancerit, Turkey",1675681901258,1675707434832,,https://earthquake.usgs.gov/earthquakes/eventpage/us6000jlqx,https://earthquake.usgs.gov/earthquakes/feed/v1.0/detail/us6000jlqx.geojson,1,3.600000000000000,0.000000000000000,,reviewed,0,370,us,6000jlqx,",us6000jlqx,",",us,",",dyfi,origin,phase-data,",65,0.650,0.830,74.000,mb,earthquake,"M 4.9 - 8 km N of ├çaglayancerit, Turkey"
us6000jlqr,5.2,"20 km ESE of G├╢ksun, Turkey",1675681535742,1675707485114,,https://earthquake.usgs.gov/earthquakes/eventpage/us6000jlqr,https://earthquake.usgs.gov/earthquakes/feed/v1.0/detail/us6000jlqr.geojson,1,4.300000000000000,0.000000000000000,,reviewed,0,416,us,6000jlqr,",us6000jlqr,",",us,",",dyfi,origin,phase-data,",55,1.140,0.890,134.000,mb,earthquake,"M 5.2 - 20 km ESE of G├╢ksun, Turkey"
us6000jlqy,5.0,"6 km W of Pazarcik, Turkey",1675681294428,1675707000466,,https://earthquake.usgs.gov/earthquakes/eventpage/us6000jlqy,https://earthquake.usgs.gov/earthquakes/feed/v1.0/detail/us6000jlqy.geojson,2,5.700000000000000,0.000000000000000,,reviewed,0,386,us,6000jlqy,",us6000jlqy,",",us,",",dyfi,origin,phase-data,",27,1.746,0.780,239.000,mb,earthquake,"M 5.0 - 6 km W of Pazarcik, Turkey"
us6000jlql,5.7,eastern Turkey,1675680690942,1675836386219,,https://earthquake.usgs.gov/earthquakes/eventpage/us6000jlql,https://earthquake.usgs.gov/earthquakes/feed/v1.0/detail/us6000jlql.geojson,4,6.600000000000000,6.582000000000000,green,reviewed,0,502,us,6000jlql,",us6000jlql,",",us,",",dyfi,losspager,origin,phase-data,shakemap,",88,1.162,0.970,69.000,mb,earthquake,M 5.7 - eastern Turkey
us6000jlqe,5.8,"13 km SW of Dogansehir, Turkey",1675679758653,1675766506479,,https://earthquake.usgs.gov/earthquakes/eventpage/us6000jlqe,https://earthquake.usgs.gov/earthquakes/feed/v1.0/detail/us6000jlqe.geojson,5,6.400000000000000,6.793000000000000,green,reviewed,0,521,us,6000jlqe,",us6000jlqe,",",us,",",dyfi,losspager,origin,phase-data,shakemap,",67,0.939,0.880,67.000,mb,earthquake,"M 5.8 - 13 km SW of Dogansehir, Turkey"
us6000jm1y,6.0,"10 km SE of Dogansehir, Turkey",1675679208486,1675792425402,,https://earthquake.usgs.gov/earthquakes/eventpage/us6000jm1y,https://earthquake.usgs.gov/earthquakes/feed/v1.0/detail/us6000jm1y.geojson,1,5.700000000000000,6.788000000000000,green,reviewed,0,554,us,6000jm1y,",us6000jm1y,",",us,",",dyfi,ground-failure,losspager,origin,phase-data,shakemap,",59,1.045,0.620,63.000,mb,earthquake,"M 6.0 - 10 km SE of Dogansehir, Turkey"
us6000jlqa,7.5,"4 km SSE of Ekin├╢z├╝, Turkey",1675679089258,1676003286521,,https://earthquake.usgs.gov/earthquakes/eventpage/us6000jlqa,https://earthquake.usgs.gov/earthquakes/feed/v1.0/detail/us6000jlqa.geojson,480,9.100000000000000,8.640000000000000,orange,reviewed,0,1437,us,6000jlqa,",us6000jlqa,",",us,",",dyfi,finite-fault,general-text,ground-failure,losspager,moment-tensor,origin,phase-data,shakemap,",135,0.850,0.930,17.000,mww,earthquake,"M 7.5 - 4 km SSE of Ekin├╢z├╝, Turkey"
us6000jlq5,4.3,Central Turkey,1675676176401,1675680061284,,https://earthquake.usgs.gov/earthquakes/eventpage/us6000jlq5,https://earthquake.usgs.gov/earthquakes/feed/v1.0/detail/us6000jlq5.geojson,1,3.600000000000000,0.000000000000000,,reviewed,0,285,us,6000jlq5,",us6000jlq5,",",us,",",dyfi,origin,phase-data,",28,0.313,0.970,143.000,mb,earthquake,M 4.3 - Central Turkey
us6000jlq1,4.6,Turkey-Syria border region,1675675425706,1675676982040,,https://earthquake.usgs.gov/earthquakes/eventpage/us6000jlq1,https://earthquake.usgs.gov/earthquakes/feed/v1.0/detail/us6000jlq1.geojson,0,0.000000000000000,0.000000000000000,,reviewed,0,326,us,6000jlq1,",us6000jlq1,",",us,",",origin,phase-data,",54,0.603,0.840,78.000,mb,earthquake,M 4.6 - Turkey-Syria border region
us6000jlpx,4.5,"3 km NNE of ├çelikhan, Turkey",1675673915484,1675694044040,,https://earthquake.usgs.gov/earthquakes/eventpage/us6000jlpx,https://earthquake.usgs.gov/earthquakes/feed/v1.0/detail/us6000jlpx.geojson,0,0.000000000000000,0.000000000000000,,reviewed,0,312,us,6000jlpx,",us6000jlpx,",",us,",",origin,phase-data,",62,1.211,0.570,98.000,mb,earthquake,"M 4.5 - 3 km NNE of ├çelikhan, Turkey"
us6000jlpv,4.8,"7 km SW of Pazarcik, Turkey",1675673557335,1675675908040,,https://earthquake.usgs.gov/earthquakes/eventpage/us6000jlpv,https://earthquake.usgs.gov/earthquakes/feed/v1.0/detail/us6000jlpv.geojson,0,0.000000000000000,0.000000000000000,,reviewed,0,354,us,6000jlpv,",us6000jlpv,",",us,",",origin,phase-data,",58,0.277,0.780,61.000,mb,earthquake,"M 4.8 - 7 km SW of Pazarcik, Turkey"
us6000jlpp,4.5,"14 km SSW of Asagi Karafakili, Turkey",1675670506065,1675679888040,,https://earthquake.usgs.gov/earthquakes/eventpage/us6000jlpp,https://earthquake.usgs.gov/earthquakes/feed/v1.0/detail/us6000jlpp.geojson,0,0.000000000000000,0.000000000000000,,reviewed,0,312,us,6000jlpp,",us6000jlpp,",",us,",",origin,phase-data,",54,0.777,0.710,81.000,mb,earthquake,"M 4.5 - 14 km SSW of Asagi Karafakili, Turkey"
us6000jlpi,4.6,"16 km ENE of Tut, Turkey",1675669274045,1675930775040,,https://earthquake.usgs.gov/earthquakes/eventpage/us6000jlpi,https://earthquake.usgs.gov/earthquakes/feed/v1.0/detail/us6000jlpi.geojson,0,0.000000000000000,0.000000000000000,,reviewed,0,326,us,6000jlpi,",us6000jlpi,",",us,",",origin,phase-data,",38,0.979,0.440,100.000,mb,earthquake,"M 4.6 - 16 km ENE of Tut, Turkey"
us6000jlp9,4.8,"14 km SE of ├çaglayancerit, Turkey",1675666497488,1675667815040,,https://earthquake.usgs.gov/earthquakes/eventpage/us6000jlp9,https://earthquake.usgs.gov/earthquakes/feed/v1.0/detail/us6000jlp9.geojson,0,0.000000000000000,0.000000000000000,,reviewed,0,354,us,6000jlp9,",us6000jlp9,",",us,",",origin,phase-data,",85,0.489,0.550,69.000,mb,earthquake,"M 4.8 - 14 km SE of ├çaglayancerit, Turkey"
us6000jlsg,4.6,"10 km W of Pazarcik, Turkey",1675664789533,1675697650040,,https://earthquake.usgs.gov/earthquakes/eventpage/us6000jlsg,https://earthquake.usgs.gov/earthquakes/feed/v1.0/detail/us6000jlsg.geojson,0,0.000000000000000,0.000000000000000,,reviewed,0,326,us,6000jlsg,",us6000jlsg,",",us,",",origin,phase-data,",50,0.311,0.640,99.000,mb,earthquake,"M 4.6 - 10 km W of Pazarcik, Turkey"
us6000jlp1,4.5,eastern Turkey,1675662951598,1675664006040,,https://earthquake.usgs.gov/earthquakes/eventpage/us6000jlp1,https://earthquake.usgs.gov/earthquakes/feed/v1.0/detail/us6000jlp1.geojson,0,0.000000000000000,0.000000000000000,,reviewed,0,312,us,6000jlp1,",us6000jlp1,",",us,",",origin,phase-data,",51,1.273,0.580,104.000,mb,earthquake,M 4.5 - eastern Turkey
us6000jlp0,4.6,"3 km E of Anayazi, Turkey",1675661793996,1675663011040,,https://earthquake.usgs.gov/earthquakes/eventpage/us6000jlp0,https://earthquake.usgs.gov/earthquakes/feed/v1.0/detail/us6000jlp0.geojson,0,0.000000000000000,0.000000000000000,,reviewed,0,326,us,6000jlp0,",us6000jlp0,",",us,",",origin,phase-data,",57,1.158,0.530,133.000,mb,earthquake,"M 4.6 - 3 km E of Anayazi, Turkey"
us6000jlnz,4.4,"8 km NE of Dogansehir, Turkey",1675661483531,1675699697040,,https://earthquake.usgs.gov/earthquakes/eventpage/us6000jlnz,https://earthquake.usgs.gov/earthquakes/feed/v1.0/detail/us6000jlnz.geojson,0,0.000000000000000,0.000000000000000,,reviewed,0,298,us,6000jlnz,",us6000jlnz,",",us,",",origin,phase-data,",37,1.129,0.920,85.000,mb,earthquake,"M 4.4 - 8 km NE of Dogansehir, Turkey"
us6000jlnx,4.4,"5 km SSE of Tut, Turkey",1675660970001,1675698725040,,https://earthquake.usgs.gov/earthquakes/eventpage/us6000jlnx,https://earthquake.usgs.gov/earthquakes/feed/v1.0/detail/us6000jlnx.geojson,0,0.000000000000000,0.000000000000000,,reviewed,0,298,us,6000jlnx,",us6000jlnx,",",us,",",origin,phase-data,",35,0.827,0.650,101.000,mb,earthquake,"M 4.4 - 5 km SSE of Tut, Turkey"
us6000jlnv,4.6,"3 km S of Tut, Turkey",1675659711307,1675662570040,,https://earthquake.usgs.gov/earthquakes/eventpage/us6000jlnv,https://earthquake.usgs.gov/earthquakes/feed/v1.0/detail/us6000jlnv.geojson,0,0.000000000000000,0.000000000000000,,reviewed,0,326,us,6000jlnv,",us6000jlnv,",",us,",",origin,phase-data,",52,0.812,0.630,99.000,mb,earthquake,"M 4.6 - 3 km S of Tut, Turkey"
us6000jlnu,4.6,"14 km WSW of Pazarcik, Turkey",1675659365209,1675729560040,,https://earthquake.usgs.gov/earthquakes/eventpage/us6000jlnu,https://earthquake.usgs.gov/earthquakes/feed/v1.0/detail/us6000jlnu.geojson,0,0.000000000000000,0.000000000000000,,reviewed,0,326,us,6000jlnu,",us6000jlnu,",",us,",",origin,phase-data,",58,0.271,0.880,71.000,mb,earthquake,"M 4.6 - 14 km WSW of Pazarcik, Turkey"
us6000jlns,4.4,"8 km SW of Hassa, Turkey",1675658877486,1675660169040,,https://earthquake.usgs.gov/earthquakes/eventpage/us6000jlns,https://earthquake.usgs.gov/earthquakes/feed/v1.0/detail/us6000jlns.geojson,0,0.000000000000000,0.000000000000000,,reviewed,0,298,us,6000jlns,",us6000jlns,",",us,",",origin,phase-data,",48,0.741,1.130,148.000,mb,earthquake,"M 4.4 - 8 km SW of Hassa, Turkey"
us6000jlnq,4.3,"14 km W of G├╢lbasi, Turkey",1675658387705,1675665283040,,https://earthquake.usgs.gov/earthquakes/eventpage/us6000jlnq,https://earthquake.usgs.gov/earthquakes/feed/v1.0/detail/us6000jlnq.geojson,0,0.000000000000000,0.000000000000000,,reviewed,0,284,us,6000jlnq,",us6000jlnq,",",us,",",origin,phase-data,",42,0.665,0.760,97.000,mb,earthquake,"M 4.3 - 14 km W of G├╢lbasi, Turkey"
us6000jlnf,5.0,eastern Turkey,1675657126788,1675713036936,,https://earthquake.usgs.gov/earthquakes/eventpage/us6000jlnf,https://earthquake.usgs.gov/earthquakes/feed/v1.0/detail/us6000jlnf.geojson,4,5.800000000000000,0.000000000000000,,reviewed,0,387,us,6000jlnf,",us6000jlnf,",",us,",",dyfi,origin,phase-data,",95,1.472,0.860,44.000,mb,earthquake,M 5.0 - eastern Turkey
us6000jlnd,4.5,"3 km ENE of Pazarcik, Turkey",1675657009487,1675658340585,,https://earthquake.usgs.gov/earthquakes/eventpage/us6000jlnd,https://earthquake.usgs.gov/earthquakes/feed/v1.0/detail/us6000jlnd.geojson,1,5.400000000000000,0.000000000000000,,reviewed,0,312,us,6000jlnd,",us6000jlnd,",",us,",",dyfi,origin,phase-data,",57,0.345,0.760,74.000,mb,earthquake,"M 4.5 - 3 km ENE of Pazarcik, Turkey"
us6000jlne,4.4,"22 km N of Sincik, Turkey",1675656859101,1675664215040,,https://earthquake.usgs.gov/earthquakes/eventpage/us6000jlne,https://earthquake.usgs.gov/earthquakes/feed/v1.0/detail/us6000jlne.geojson,0,0.000000000000000,0.000000000000000,,reviewed,0,298,us,6000jlne,",us6000jlne,",",us,",",origin,phase-data,",42,2.319,0.990,183.000,mb,earthquake,"M 4.4 - 22 km N of Sincik, Turkey"
us6000jlnc,4.3,"11 km ENE of ├çaglayancerit, Turkey",1675656263657,1675657228040,,https://earthquake.usgs.gov/earthquakes/eventpage/us6000jlnc,https://earthquake.usgs.gov/earthquakes/feed/v1.0/detail/us6000jlnc.geojson,0,0.000000000000000,0.000000000000000,,reviewed,0,284,us,6000jlnc,",us6000jlnc,",",us,",",origin,phase-data,",39,0.635,0.580,106.000,mb,earthquake,"M 4.3 - 11 km ENE of ├çaglayancerit, Turkey"
us6000jln9,4.8,"18 km N of Sincik, Turkey",1675655148563,1675658007159,,https://earthquake.usgs.gov/earthquakes/eventpage/us6000jln9,https://earthquake.usgs.gov/earthquakes/feed/v1.0/detail/us6000jln9.geojson,2,6.100000000000000,0.000000000000000,,reviewed,0,356,us,6000jln9,",us6000jln9,",",us,",",dyfi,origin,phase-data,",97,1.504,0.750,66.000,mb,earthquake,"M 4.8 - 18 km N of Sincik, Turkey"
us6000jln5,4.4,"6 km NW of Sincik, Turkey",1675654126802,1675657436040,,https://earthquake.usgs.gov/earthquakes/eventpage/us6000jln5,https://earthquake.usgs.gov/earthquakes/feed/v1.0/detail/us6000jln5.geojson,0,0.000000000000000,0.000000000000000,,reviewed,0,298,us,6000jln5,",us6000jln5,",",us,",",origin,phase-data,",26,1.402,0.580,145.000,mb,earthquake,"M 4.4 - 6 km NW of Sincik, Turkey"
us6000jln3,4.5,"1 km SSE of Pazarcik, Turkey",1675653132595,1675663630575,,https://earthquake.usgs.gov/earthquakes/eventpage/us6000jln3,https://earthquake.usgs.gov/earthquakes/feed/v1.0/detail/us6000jln3.geojson,1,6.100000000000000,0.000000000000000,,reviewed,0,312,us,6000jln3,",us6000jln3,",",us,",",dyfi,origin,phase-data,",52,3.561,0.990,79.000,mb,earthquake,"M 4.5 - 1 km SSE of Pazarcik, Turkey"
us6000jln6,4.4,"7 km NW of Besni, Turkey",1675653021025,1675731132040,,https://earthquake.usgs.gov/earthquakes/eventpage/us6000jln6,https://earthquake.usgs.gov/earthquakes/feed/v1.0/detail/us6000jln6.geojson,0,0.000000000000000,0.000000000000000,,reviewed,0,298,us,6000jln6,",us6000jln6,",",us,",",origin,phase-data,",61,0.744,0.770,95.000,mb,earthquake,"M 4.4 - 7 km NW of Besni, Turkey"
us6000jln0,4.7,"20 km NW of Sincik, Turkey",1675652685466,1675654573040,,https://earthquake.usgs.gov/earthquakes/eventpage/us6000jln0,https://earthquake.usgs.gov/earthquakes/feed/v1.0/detail/us6000jln0.geojson,0,0.000000000000000,0.000000000000000,,reviewed,0,340,us,6000jln0,",us6000jln0,",",us,",",origin,phase-data,",91,1.425,0.860,66.000,mb,earthquake,"M 4.7 - 20 km NW of Sincik, Turkey"
us6000jlmv,4.6,"15 km E of Denizciler, Turkey",1675652040615,1675659432221,,https://earthquake.usgs.gov/earthquakes/eventpage/us6000jlmv,https://earthquake.usgs.gov/earthquakes/feed/v1.0/detail/us6000jlmv.geojson,1,5.300000000000000,0.000000000000000,,reviewed,0,326,us,6000jlmv,",us6000jlmv,",",us,",",dyfi,origin,phase-data,",87,0.848,1.000,72.000,mb,earthquake,"M 4.6 - 15 km E of Denizciler, Turkey"
us6000jlmn,5.2,"21 km E of Nurdagi, Turkey",1675650194645,1675653745602,,https://earthquake.usgs.gov/earthquakes/eventpage/us6000jlmn,https://earthquake.usgs.gov/earthquakes/feed/v1.0/detail/us6000jlmn.geojson,4,4.300000000000000,0.000000000000000,,reviewed,0,418,us,6000jlmn,",us6000jlmn,",",us,",",dyfi,origin,phase-data,",107,0.194,0.810,36.000,mb,earthquake,"M 5.2 - 21 km E of Nurdagi, Turkey"
us6000jmn5,4.2,"9 km SSW of Nurdagi, Turkey",1675650077499,1675918725040,,https://earthquake.usgs.gov/earthquakes/eventpage/us6000jmn5,https://earthquake.usgs.gov/earthquakes/feed/v1.0/detail/us6000jmn5.geojson,0,0.000000000000000,0.000000000000000,,reviewed,0,271,us,6000jmn5,",us6000jmn5,",",us,",",origin,phase-data,",27,0.416,0.890,102.000,mb,earthquake,"M 4.2 - 9 km SSW of Nurdagi, Turkey"
us6000jlmm,4.8,"10 km SSW of Nurdagi, Turkey",1675649860302,1675651873040,,https://earthquake.usgs.gov/earthquakes/eventpage/us6000jlmm,https://earthquake.usgs.gov/earthquakes/feed/v1.0/detail/us6000jlmm.geojson,0,0.000000000000000,0.000000000000000,,reviewed,0,354,us,6000jlmm,",us6000jlmm,",",us,",",origin,phase-data,",39,0.426,0.690,191.000,mb,earthquake,"M 4.8 - 10 km SSW of Nurdagi, Turkey"
us6000jmn3,4.1,Turkey-Syria border region,1675649764118,1675917872040,,https://earthquake.usgs.gov/earthquakes/eventpage/us6000jmn3,https://earthquake.usgs.gov/earthquakes/feed/v1.0/detail/us6000jmn3.geojson,0,0.000000000000000,0.000000000000000,,reviewed,0,259,us,6000jmn3,",us6000jmn3,",",us,",",origin,phase-data,",14,0.537,0.630,210.000,mb,earthquake,M 4.1 - Turkey-Syria border region
us6000jmn0,4.9,eastern Turkey,1675649184022,1675917051040,,https://earthquake.usgs.gov/earthquakes/eventpage/us6000jmn0,https://earthquake.usgs.gov/earthquakes/feed/v1.0/detail/us6000jmn0.geojson,0,0.000000000000000,0.000000000000000,,reviewed,0,369,us,6000jmn0,",us6000jmn0,",",us,",",origin,phase-data,",85,1.034,0.900,67.000,mb,earthquake,M 4.9 - eastern Turkey
us6000jlmh,5.5,"2 km S of Tut, Turkey",1675649016258,1675735753772,,https://earthquake.usgs.gov/earthquakes/eventpage/us6000jlmh,https://earthquake.usgs.gov/earthquakes/feed/v1.0/detail/us6000jlmh.geojson,1,8.199999999999990,6.584000000000000,green,reviewed,0,466,us,6000jlmh,",us6000jlmh,",",us,",",dyfi,losspager,origin,phase-data,shakemap,",64,0.827,0.800,45.000,mb,earthquake,"M 5.5 - 2 km S of Tut, Turkey"
us6000jlmy,4.8,"23 km SW of Pazarcik, Turkey",1675648905663,1675653240040,,https://earthquake.usgs.gov/earthquakes/eventpage/us6000jlmy,https://earthquake.usgs.gov/earthquakes/feed/v1.0/detail/us6000jlmy.geojson,0,0.000000000000000,0.000000000000000,,reviewed,0,354,us,6000jlmy,",us6000jlmy,",",us,",",origin,phase-data,",53,0.204,0.900,81.000,mb,earthquake,"M 4.8 - 23 km SW of Pazarcik, Turkey"
us6000jlmf,5.1,"6 km ESE of Hasanbeyli, Turkey",1675648703594,1675651739040,,https://earthquake.usgs.gov/earthquakes/eventpage/us6000jlmf,https://earthquake.usgs.gov/earthquakes/feed/v1.0/detail/us6000jlmf.geojson,0,0.000000000000000,0.000000000000000,,reviewed,0,400,us,6000jlmf,",us6000jlmf,",",us,",",origin,phase-data,",65,0.488,0.720,121.000,mb,earthquake,"M 5.1 - 6 km ESE of Hasanbeyli, Turkey"
us6000jm4n,4.7,"19 km WSW of Pazarcik, Turkey",1675648303834,1675733481040,,https://earthquake.usgs.gov/earthquakes/eventpage/us6000jm4n,https://earthquake.usgs.gov/earthquakes/feed/v1.0/detail/us6000jm4n.geojson,0,0.000000000000000,0.000000000000000,,reviewed,0,340,us,6000jm4n,",us6000jm4n,",",us,",",origin,phase-data,",49,0.275,0.590,86.000,mb,earthquake,"M 4.7 - 19 km WSW of Pazarcik, Turkey"
us6000jlmd,4.9,eastern Turkey,1675648092420,1675734705040,,https://earthquake.usgs.gov/earthquakes/eventpage/us6000jlmd,https://earthquake.usgs.gov/earthquakes/feed/v1.0/detail/us6000jlmd.geojson,0,0.000000000000000,0.000000000000000,,reviewed,0,369,us,6000jlmd,",us6000jlmd,",",us,",",origin,phase-data,",56,1.081,1.030,96.000,mb,earthquake,M 4.9 - eastern Turkey
us6000jlm9,5.6,"16 km S of Nurdagi, Turkey",1675647388018,1675734084006,,https://earthquake.usgs.gov/earthquakes/eventpage/us6000jlm9,https://earthquake.usgs.gov/earthquakes/feed/v1.0/detail/us6000jlm9.geojson,6,4.800000000000000,6.595000000000000,green,reviewed,0,485,us,6000jlm9,",us6000jlm9,",",us,",",dyfi,losspager,origin,phase-data,shakemap,",87,1.964,1.190,75.000,mb,earthquake,"M 5.6 - 16 km S of Nurdagi, Turkey"
us6000jlm1,6.7,Central Turkey,1675646895989,1675952125330,,https://earthquake.usgs.gov/earthquakes/eventpage/us6000jlm1,https://earthquake.usgs.gov/earthquakes/feed/v1.0/detail/us6000jlm1.geojson,122,9.100000000000000,7.625000000000000,yellow,reviewed,0,802,us,6000jlm1,",us6000jlm1,",",us,",",dyfi,general-text,ground-failure,losspager,origin,phase-data,shakemap,",108,0.218,0.730,44.000,mww,earthquake,M 6.7 - Central Turkey
us6000jlnn,5.6,"23 km NE of Musabeyli, Turkey",1675646809248,1675733603621,,https://earthquake.usgs.gov/earthquakes/eventpage/us6000jlnn,https://earthquake.usgs.gov/earthquakes/feed/v1.0/detail/us6000jlnn.geojson,0,0.000000000000000,6.532000000000000,green,reviewed,0,482,us,6000jlnn,",us6000jlnn,",",us,",",losspager,origin,phase-data,shakemap,",64,0.154,0.810,124.000,mb,earthquake,"M 5.6 - 23 km NE of Musabeyli, Turkey"
us6000jllz,7.8,"27 km E of Nurdagi, Turkey",1675646255525,1676011798260,,https://earthquake.usgs.gov/earthquakes/eventpage/us6000jllz,https://earthquake.usgs.gov/earthquakes/feed/v1.0/detail/us6000jllz.geojson,1850,9.100000000000000,9.343999999999990,red,reviewed,0,2910,us,6000jllz,",us6000jllz,",",us,",",dyfi,finite-fault,general-link,general-text,ground-failure,impact-text,losspager,moment-tensor,origin,phase-data,shakemap,",216,0.134,0.670,17.000,mww,earthquake,"M 7.8 - 27 km E of Nurdagi, Turkey"
us6000jl5l,4.2,"5 km W of Bah├ºe, Turkey",1675422309483,1675423574040,,https://earthquake.usgs.gov/earthquakes/eventpage/us6000jl5l,https://earthquake.usgs.gov/earthquakes/feed/v1.0/detail/us6000jl5l.geojson,0,0.000000000000000,0.000000000000000,,reviewed,0,271,us,6000jl5l,",us6000jl5l,",",us,",",origin,phase-data,",33,0.559,0.620,137.000,mb,earthquake,"M 4.2 - 5 km W of Bah├ºe, Turkey"
