Country Name,Country ISO3,Year,Indicator Name,Indicator Code,Value
#country+name,#country+code,#date+year,#indicator+name,#indicator+code,#indicator+value+num
Turkey,TUR,2010,Urban land area where elevation is below 5 meters (sq. km),AG.LND.EL5M.UR.K2,744.0805664
Turkey,TUR,2000,Urban land area where elevation is below 5 meters (sq. km),AG.LND.EL5M.UR.K2,744.0805664
Turkey,TUR,1990,Urban land area where elevation is below 5 meters (sq. km),AG.LND.EL5M.UR.K2,744.0805664
Turkey,TUR,2010,Urban land area where elevation is below 5 meters (% of total land area),AG.LND.EL5M.UR.ZS,0.096935769
Turkey,TUR,2000,Urban land area where elevation is below 5 meters (% of total land area),AG.LND.EL5M.UR.ZS,0.096935769
Turkey,TUR,1990,Urban land area where elevation is below 5 meters (% of total land area),AG.LND.EL5M.UR.ZS,0.096935769
Turkey,TUR,2010,Urban land area (sq. km),AG.LND.TOTL.UR.K2,44090.15625
Turkey,TUR,2000,Urban land area (sq. km),AG.LND.TOTL.UR.K2,44090.15625
Turkey,TUR,1990,Urban land area (sq. km),AG.LND.TOTL.UR.K2,44090.15625
Turkey,TUR,2020,"Access to electricity, urban (% of urban population)",EG.ELC.ACCS.UR.ZS,100
Turkey,TUR,2019,"Access to electricity, urban (% of urban population)",EG.ELC.ACCS.UR.ZS,100
Turkey,TUR,2018,"Access to electricity, urban (% of urban population)",EG.ELC.ACCS.UR.ZS,100
Turkey,TUR,2017,"Access to electricity, urban (% of urban population)",EG.ELC.ACCS.UR.ZS,100
Turkey,TUR,2016,"Access to electricity, urban (% of urban population)",EG.ELC.ACCS.UR.ZS,100
Turkey,TUR,2015,"Access to electricity, urban (% of urban population)",EG.ELC.ACCS.UR.ZS,100
Turkey,TUR,2014,"Access to electricity, urban (% of urban population)",EG.ELC.ACCS.UR.ZS,100
Turkey,TUR,2013,"Access to electricity, urban (% of urban population)",EG.ELC.ACCS.UR.ZS,100
Turkey,TUR,2012,"Access to electricity, urban (% of urban population)",EG.ELC.ACCS.UR.ZS,100
Turkey,TUR,2011,"Access to electricity, urban (% of urban population)",EG.ELC.ACCS.UR.ZS,100
Turkey,TUR,2010,"Access to electricity, urban (% of urban population)",EG.ELC.ACCS.UR.ZS,100
Turkey,TUR,2009,"Access to electricity, urban (% of urban population)",EG.ELC.ACCS.UR.ZS,99.6861724853516
Turkey,TUR,2008,"Access to electricity, urban (% of urban population)",EG.ELC.ACCS.UR.ZS,99.6089935302734
Turkey,TUR,2007,"Access to electricity, urban (% of urban population)",EG.ELC.ACCS.UR.ZS,99.5412063598633
Turkey,TUR,2006,"Access to electricity, urban (% of urban population)",EG.ELC.ACCS.UR.ZS,99.4884948730469
Turkey,TUR,2005,"Access to electricity, urban (% of urban population)",EG.ELC.ACCS.UR.ZS,99.4565582275391
Turkey,TUR,2004,"Access to electricity, urban (% of urban population)",EG.ELC.ACCS.UR.ZS,99.4489669799805
Turkey,TUR,2003,"Access to electricity, urban (% of urban population)",EG.ELC.ACCS.UR.ZS,100
Turkey,TUR,2002,"Access to electricity, urban (% of urban population)",EG.ELC.ACCS.UR.ZS,100
Turkey,TUR,2001,"Access to electricity, urban (% of urban population)",EG.ELC.ACCS.UR.ZS,100
Turkey,TUR,2000,"Access to electricity, urban (% of urban population)",EG.ELC.ACCS.UR.ZS,100
Turkey,TUR,2017,"PM2.5 air pollution, mean annual exposure (micrograms per cubic meter)",EN.ATM.PM25.MC.M3,44.3115256776956
Turkey,TUR,2016,"PM2.5 air pollution, mean annual exposure (micrograms per cubic meter)",EN.ATM.PM25.MC.M3,44.4827583861495
Turkey,TUR,2015,"PM2.5 air pollution, mean annual exposure (micrograms per cubic meter)",EN.ATM.PM25.MC.M3,45.401555600474
Turkey,TUR,2014,"PM2.5 air pollution, mean annual exposure (micrograms per cubic meter)",EN.ATM.PM25.MC.M3,42.5957712131171
Turkey,TUR,2013,"PM2.5 air pollution, mean annual exposure (micrograms per cubic meter)",EN.ATM.PM25.MC.M3,42.0625831070393
Turkey,TUR,2012,"PM2.5 air pollution, mean annual exposure (micrograms per cubic meter)",EN.ATM.PM25.MC.M3,41.9209189206504
Turkey,TUR,2011,"PM2.5 air pollution, mean annual exposure (micrograms per cubic meter)",EN.ATM.PM25.MC.M3,40.545108814482
Turkey,TUR,2010,"PM2.5 air pollution, mean annual exposure (micrograms per cubic meter)",EN.ATM.PM25.MC.M3,43.8212287462637
Turkey,TUR,2005,"PM2.5 air pollution, mean annual exposure (micrograms per cubic meter)",EN.ATM.PM25.MC.M3,41.2020157401686
Turkey,TUR,2000,"PM2.5 air pollution, mean annual exposure (micrograms per cubic meter)",EN.ATM.PM25.MC.M3,42.6925247819659
Turkey,TUR,1995,"PM2.5 air pollution, mean annual exposure (micrograms per cubic meter)",EN.ATM.PM25.MC.M3,41.9720604390142
Turkey,TUR,1990,"PM2.5 air pollution, mean annual exposure (micrograms per cubic meter)",EN.ATM.PM25.MC.M3,42.5988219035615
Turkey,TUR,2017,"PM2.5 air pollution, population exposed to levels exceeding WHO guideline value (% of total)",EN.ATM.PM25.MC.ZS,100
Turkey,TUR,2016,"PM2.5 air pollution, population exposed to levels exceeding WHO guideline value (% of total)",EN.ATM.PM25.MC.ZS,100
Turkey,TUR,2015,"PM2.5 air pollution, population exposed to levels exceeding WHO guideline value (% of total)",EN.ATM.PM25.MC.ZS,100
Turkey,TUR,2014,"PM2.5 air pollution, population exposed to levels exceeding WHO guideline value (% of total)",EN.ATM.PM25.MC.ZS,100
Turkey,TUR,2013,"PM2.5 air pollution, population exposed to levels exceeding WHO guideline value (% of total)",EN.ATM.PM25.MC.ZS,100
Turkey,TUR,2012,"PM2.5 air pollution, population exposed to levels exceeding WHO guideline value (% of total)",EN.ATM.PM25.MC.ZS,100
Turkey,TUR,2011,"PM2.5 air pollution, population exposed to levels exceeding WHO guideline value (% of total)",EN.ATM.PM25.MC.ZS,100
Turkey,TUR,2010,"PM2.5 air pollution, population exposed to levels exceeding WHO guideline value (% of total)",EN.ATM.PM25.MC.ZS,100
Turkey,TUR,2005,"PM2.5 air pollution, population exposed to levels exceeding WHO guideline value (% of total)",EN.ATM.PM25.MC.ZS,100
Turkey,TUR,2000,"PM2.5 air pollution, population exposed to levels exceeding WHO guideline value (% of total)",EN.ATM.PM25.MC.ZS,100
Turkey,TUR,1995,"PM2.5 air pollution, population exposed to levels exceeding WHO guideline value (% of total)",EN.ATM.PM25.MC.ZS,100
Turkey,TUR,1990,"PM2.5 air pollution, population exposed to levels exceeding WHO guideline value (% of total)",EN.ATM.PM25.MC.ZS,100
Turkey,TUR,2020,Population density (people per sq. km of land area),EN.POP.DNST,109.583913049128
Turkey,TUR,2019,Population density (people per sq. km of land area),EN.POP.DNST,108.40222834349
Turkey,TUR,2018,Population density (people per sq. km of land area),EN.POP.DNST,106.986590959292
Turkey,TUR,2017,Population density (people per sq. km of land area),EN.POP.DNST,105.396685420267
Turkey,TUR,2016,Population density (people per sq. km of land area),EN.POP.DNST,103.722396476229
Turkey,TUR,2015,Population density (people per sq. km of land area),EN.POP.DNST,102.035280589374
Turkey,TUR,2014,Population density (people per sq. km of land area),EN.POP.DNST,100.345961046217
Turkey,TUR,2013,Population density (people per sq. km of land area),EN.POP.DNST,98.6518898691579
Turkey,TUR,2012,Population density (people per sq. km of land area),EN.POP.DNST,96.9960188662084
Turkey,TUR,2011,Population density (people per sq. km of land area),EN.POP.DNST,95.4267037407585
Turkey,TUR,2010,Population density (people per sq. km of land area),EN.POP.DNST,93.976315892052
Turkey,TUR,2009,Population density (people per sq. km of land area),EN.POP.DNST,92.6697322089835
Turkey,TUR,2008,Population density (people per sq. km of land area),EN.POP.DNST,91.4967088081286
Turkey,TUR,2007,Population density (people per sq. km of land area),EN.POP.DNST,90.4094876758962
Turkey,TUR,2006,Population density (people per sq. km of land area),EN.POP.DNST,89.3374855450021
Turkey,TUR,2005,Population density (people per sq. km of land area),EN.POP.DNST,88.2287086002365
Turkey,TUR,2004,Population density (people per sq. km of land area),EN.POP.DNST,87.0690201785273
Turkey,TUR,2003,Population density (people per sq. km of land area),EN.POP.DNST,85.8716552109455
Turkey,TUR,2002,Population density (people per sq. km of land area),EN.POP.DNST,84.6450333277029
Turkey,TUR,2001,Population density (people per sq. km of land area),EN.POP.DNST,83.4066278601406
Turkey,TUR,2000,Population density (people per sq. km of land area),EN.POP.DNST,82.1696087730468
Turkey,TUR,1999,Population density (people per sq. km of land area),EN.POP.DNST,80.9316047971103
Turkey,TUR,1998,Population density (people per sq. km of land area),EN.POP.DNST,79.6872068396502
Turkey,TUR,1997,Population density (people per sq. km of land area),EN.POP.DNST,78.4436300560009
Turkey,TUR,1996,Population density (people per sq. km of land area),EN.POP.DNST,77.2101893117472
Turkey,TUR,1995,Population density (people per sq. km of land area),EN.POP.DNST,75.9929485596975
Turkey,TUR,1994,Population density (people per sq. km of land area),EN.POP.DNST,74.7946532749503
Turkey,TUR,1993,Population density (people per sq. km of land area),EN.POP.DNST,73.6117459038759
Turkey,TUR,1992,Population density (people per sq. km of land area),EN.POP.DNST,72.4360354975768
Turkey,TUR,1991,Population density (people per sq. km of land area),EN.POP.DNST,71.2557917440848
Turkey,TUR,1990,Population density (people per sq. km of land area),EN.POP.DNST,70.0619232618271
Turkey,TUR,1989,Population density (people per sq. km of land area),EN.POP.DNST,68.8544872211322
Turkey,TUR,1988,Population density (people per sq. km of land area),EN.POP.DNST,67.6347907436041
Turkey,TUR,1987,Population density (people per sq. km of land area),EN.POP.DNST,66.3967490872237
Turkey,TUR,1986,Population density (people per sq. km of land area),EN.POP.DNST,65.1333082130374
Turkey,TUR,1985,Population density (people per sq. km of land area),EN.POP.DNST,63.8409729350467
Turkey,TUR,1984,Population density (people per sq. km of land area),EN.POP.DNST,62.5159596169588
Turkey,TUR,1983,Population density (people per sq. km of land area),EN.POP.DNST,61.1637670049244
Turkey,TUR,1982,Population density (people per sq. km of land area),EN.POP.DNST,59.801997063524
Turkey,TUR,1981,Population density (people per sq. km of land area),EN.POP.DNST,58.4545963644868
Turkey,TUR,1980,Population density (people per sq. km of land area),EN.POP.DNST,57.139108402739
Turkey,TUR,1979,Population density (people per sq. km of land area),EN.POP.DNST,55.8632628665722
Turkey,TUR,1978,Population density (people per sq. km of land area),EN.POP.DNST,54.623628236945
Turkey,TUR,1977,Population density (people per sq. km of land area),EN.POP.DNST,53.4130556241311
Turkey,TUR,1976,Population density (people per sq. km of land area),EN.POP.DNST,52.2193274690436
Turkey,TUR,1975,Population density (people per sq. km of land area),EN.POP.DNST,51.033937086652
Turkey,TUR,1974,Population density (people per sq. km of land area),EN.POP.DNST,49.8554864025571
Turkey,TUR,1973,Population density (people per sq. km of land area),EN.POP.DNST,48.6887582344763
Turkey,TUR,1972,Population density (people per sq. km of land area),EN.POP.DNST,47.5387744760469
Turkey,TUR,1971,Population density (people per sq. km of land area),EN.POP.DNST,46.412695710926
Turkey,TUR,1970,Population density (people per sq. km of land area),EN.POP.DNST,45.3156659693619
Turkey,TUR,1969,Population density (people per sq. km of land area),EN.POP.DNST,44.2490430466588
Turkey,TUR,1968,Population density (people per sq. km of land area),EN.POP.DNST,43.2109780024167
Turkey,TUR,1967,Population density (people per sq. km of land area),EN.POP.DNST,42.1994906643452
Turkey,TUR,1966,Population density (people per sq. km of land area),EN.POP.DNST,41.2113665007861
Turkey,TUR,1965,Population density (people per sq. km of land area),EN.POP.DNST,40.2440081597651
Turkey,TUR,1964,Population density (people per sq. km of land area),EN.POP.DNST,39.2971401842444
Turkey,TUR,1963,Population density (people per sq. km of land area),EN.POP.DNST,38.3708561256708
Turkey,TUR,1962,Population density (people per sq. km of land area),EN.POP.DNST,37.4632368800592
Turkey,TUR,1961,Population density (people per sq. km of land area),EN.POP.DNST,36.5720008315684
Turkey,TUR,2010,Urban population living in areas where elevation is below 5 meters (% of total population),EN.POP.EL5M.UR.ZS,1.196556677
Turkey,TUR,2000,Urban population living in areas where elevation is below 5 meters (% of total population),EN.POP.EL5M.UR.ZS,1.171862445
Turkey,TUR,1990,Urban population living in areas where elevation is below 5 meters (% of total population),EN.POP.EL5M.UR.ZS,0.992265982
Turkey,TUR,2018,Population living in slums (% of urban population),EN.POP.SLUM.UR.ZS,8.60000038146973
Turkey,TUR,2016,Population living in slums (% of urban population),EN.POP.SLUM.UR.ZS,8.10000038146973
Turkey,TUR,2014,Population living in slums (% of urban population),EN.POP.SLUM.UR.ZS,11.8999996185303
Turkey,TUR,2010,Population living in slums (% of urban population),EN.POP.SLUM.UR.ZS,13
Turkey,TUR,2005,Population living in slums (% of urban population),EN.POP.SLUM.UR.ZS,15.5
Turkey,TUR,2000,Population living in slums (% of urban population),EN.POP.SLUM.UR.ZS,17.8999996185303
Turkey,TUR,1995,Population living in slums (% of urban population),EN.POP.SLUM.UR.ZS,20.7000007629395
Turkey,TUR,1990,Population living in slums (% of urban population),EN.POP.SLUM.UR.ZS,23.3999996185303
Turkey,TUR,2021,Population in largest city,EN.URB.LCTY,15415197
Turkey,TUR,2020,Population in largest city,EN.URB.LCTY,15190336
Turkey,TUR,2019,Population in largest city,EN.URB.LCTY,14967667
Turkey,TUR,2018,Population in largest city,EN.URB.LCTY,14750771
Turkey,TUR,2017,Population in largest city,EN.URB.LCTY,14539767
Turkey,TUR,2016,Population in largest city,EN.URB.LCTY,14332066
Turkey,TUR,2015,Population in largest city,EN.URB.LCTY,14126772
Turkey,TUR,2014,Population in largest city,EN.URB.LCTY,13901910
Turkey,TUR,2013,Population in largest city,EN.URB.LCTY,13658365
Turkey,TUR,2012,Population in largest city,EN.URB.LCTY,13419412
Turkey,TUR,2011,Population in largest city,EN.URB.LCTY,13057664
Turkey,TUR,2010,Population in largest city,EN.URB.LCTY,12584885
Turkey,TUR,2009,Population in largest city,EN.URB.LCTY,12129224
Turkey,TUR,2008,Population in largest city,EN.URB.LCTY,11690655
Turkey,TUR,2007,Population in largest city,EN.URB.LCTY,11266798
Turkey,TUR,2006,Population in largest city,EN.URB.LCTY,10858861
Turkey,TUR,2005,Population in largest city,EN.URB.LCTY,10465694
Turkey,TUR,2004,Population in largest city,EN.URB.LCTY,10087275
Turkey,TUR,2003,Population in largest city,EN.URB.LCTY,9721551
Turkey,TUR,2002,Population in largest city,EN.URB.LCTY,9369562
Turkey,TUR,2001,Population in largest city,EN.URB.LCTY,9030318
Turkey,TUR,2000,Population in largest city,EN.URB.LCTY,8743868
Turkey,TUR,1999,Population in largest city,EN.URB.LCTY,8553323
Turkey,TUR,1998,Population in largest city,EN.URB.LCTY,8367184
Turkey,TUR,1997,Population in largest city,EN.URB.LCTY,8154694
Turkey,TUR,1996,Population in largest city,EN.URB.LCTY,7906601
Turkey,TUR,1995,Population in largest city,EN.URB.LCTY,7665403
Turkey,TUR,1994,Population in largest city,EN.URB.LCTY,7431880
Turkey,TUR,1993,Population in largest city,EN.URB.LCTY,7205470
Turkey,TUR,1992,Population in largest city,EN.URB.LCTY,6986256
Turkey,TUR,1991,Population in largest city,EN.URB.LCTY,6773134
Turkey,TUR,1990,Population in largest city,EN.URB.LCTY,6552160
Turkey,TUR,1989,Population in largest city,EN.URB.LCTY,6306534
Turkey,TUR,1988,Population in largest city,EN.URB.LCTY,6070435
Turkey,TUR,1987,Population in largest city,EN.URB.LCTY,5842560
Turkey,TUR,1986,Population in largest city,EN.URB.LCTY,5623536
Turkey,TUR,1985,Population in largest city,EN.URB.LCTY,5407297
Turkey,TUR,1984,Population in largest city,EN.URB.LCTY,5187754
Turkey,TUR,1983,Population in largest city,EN.URB.LCTY,4976556
Turkey,TUR,1982,Population in largest city,EN.URB.LCTY,4774228
Turkey,TUR,1981,Population in largest city,EN.URB.LCTY,4580127
Turkey,TUR,1980,Population in largest city,EN.URB.LCTY,4397037
Turkey,TUR,1979,Population in largest city,EN.URB.LCTY,4227838
Turkey,TUR,1978,Population in largest city,EN.URB.LCTY,4065369
Turkey,TUR,1977,Population in largest city,EN.URB.LCTY,3909144
Turkey,TUR,1976,Population in largest city,EN.URB.LCTY,3759125
Turkey,TUR,1975,Population in largest city,EN.URB.LCTY,3600332
Turkey,TUR,1974,Population in largest city,EN.URB.LCTY,3419899
Turkey,TUR,1973,Population in largest city,EN.URB.LCTY,3248509
Turkey,TUR,1972,Population in largest city,EN.URB.LCTY,3085926
Turkey,TUR,1971,Population in largest city,EN.URB.LCTY,2931066
Turkey,TUR,1970,Population in largest city,EN.URB.LCTY,2772095
Turkey,TUR,1969,Population in largest city,EN.URB.LCTY,2597394
Turkey,TUR,1968,Population in largest city,EN.URB.LCTY,2433920
Turkey,TUR,1967,Population in largest city,EN.URB.LCTY,2280326
Turkey,TUR,1966,Population in largest city,EN.URB.LCTY,2136617
Turkey,TUR,1965,Population in largest city,EN.URB.LCTY,2001192
Turkey,TUR,1964,Population in largest city,EN.URB.LCTY,1872951
Turkey,TUR,1963,Population in largest city,EN.URB.LCTY,1752608
Turkey,TUR,1962,Population in largest city,EN.URB.LCTY,1640147
Turkey,TUR,1961,Population in largest city,EN.URB.LCTY,1534902
Turkey,TUR,1960,Population in largest city,EN.URB.LCTY,1453353
Turkey,TUR,2021,Population in the largest city (% of urban population),EN.URB.LCTY.UR.ZS,23.6734397075987
Turkey,TUR,2020,Population in the largest city (% of urban population),EN.URB.LCTY.UR.ZS,23.6660292663629
Turkey,TUR,2019,Population in the largest city (% of urban population),EN.URB.LCTY.UR.ZS,23.7213724621703
Turkey,TUR,2018,Population in the largest city (% of urban population),EN.URB.LCTY.UR.ZS,23.8404721660146
Turkey,TUR,2017,Population in the largest city (% of urban population),EN.URB.LCTY.UR.ZS,24.0133969155734
Turkey,TUR,2016,Population in the largest city (% of urban population),EN.URB.LCTY.UR.ZS,24.2179195828183
Turkey,TUR,2015,Population in the largest city (% of urban population),EN.URB.LCTY.UR.ZS,24.4381242552064
Turkey,TUR,2014,Population in the largest city (% of urban population),EN.URB.LCTY.UR.ZS,24.6326919719868
Turkey,TUR,2013,Population in the largest city (% of urban population),EN.URB.LCTY.UR.ZS,24.8020541900414
Turkey,TUR,2012,Population in the largest city (% of urban population),EN.URB.LCTY.UR.ZS,24.9759461049813
Turkey,TUR,2011,Population in the largest city (% of urban population),EN.URB.LCTY.UR.ZS,24.9002211138561
Turkey,TUR,2010,Population in the largest city (% of urban population),EN.URB.LCTY.UR.ZS,24.5675735675246
Turkey,TUR,2009,Population in the largest city (% of urban population),EN.URB.LCTY.UR.ZS,24.211541044611
Turkey,TUR,2008,Population in the largest city (% of urban population),EN.URB.LCTY.UR.ZS,23.8354871026759
Turkey,TUR,2007,Population in the largest city (% of urban population),EN.URB.LCTY.UR.ZS,23.4488720717574
Turkey,TUR,2006,Population in the largest city (% of urban population),EN.URB.LCTY.UR.ZS,23.0725239968795
Turkey,TUR,2005,Population in the largest city (% of urban population),EN.URB.LCTY.UR.ZS,22.7190560058254
Turkey,TUR,2004,Population in the largest city (% of urban population),EN.URB.LCTY.UR.ZS,22.392232852983
Turkey,TUR,2003,Population in the largest city (% of urban population),EN.URB.LCTY.UR.ZS,22.0859691412819
Turkey,TUR,2002,Population in the largest city (% of urban population),EN.URB.LCTY.UR.ZS,21.800326754942
Turkey,TUR,2001,Population in the largest city (% of urban population),EN.URB.LCTY.UR.ZS,21.5298675742812
Turkey,TUR,2000,Population in the largest city (% of urban population),EN.URB.LCTY.UR.ZS,21.3565445155974
Turkey,TUR,1999,Population in the largest city (% of urban population),EN.URB.LCTY.UR.ZS,21.3817942035152
Turkey,TUR,1998,Population in the largest city (% of urban population),EN.URB.LCTY.UR.ZS,21.4165172466362
Turkey,TUR,1997,Population in the largest city (% of urban population),EN.URB.LCTY.UR.ZS,21.3793868811946
Turkey,TUR,1996,Population in the largest city (% of urban population),EN.URB.LCTY.UR.ZS,21.2369111898841
Turkey,TUR,1995,Population in the largest city (% of urban population),EN.URB.LCTY.UR.ZS,21.0973200270967
Turkey,TUR,1994,Population in the largest city (% of urban population),EN.URB.LCTY.UR.ZS,20.9621559282397
Turkey,TUR,1993,Population in the largest city (% of urban population),EN.URB.LCTY.UR.ZS,20.8310891864587
Turkey,TUR,1992,Population in the largest city (% of urban population),EN.URB.LCTY.UR.ZS,20.7072901780883
Turkey,TUR,1991,Population in the largest city (% of urban population),EN.URB.LCTY.UR.ZS,20.5925446004622
Turkey,TUR,1990,Population in the largest city (% of urban population),EN.URB.LCTY.UR.ZS,20.5246964145121
Turkey,TUR,1989,Population in the largest city (% of urban population),EN.URB.LCTY.UR.ZS,20.5544304882502
Turkey,TUR,1988,Population in the largest city (% of urban population),EN.URB.LCTY.UR.ZS,20.6087196204003
Turkey,TUR,1987,Population in the largest city (% of urban population),EN.URB.LCTY.UR.ZS,20.6897687355574
Turkey,TUR,1986,Population in the largest city (% of urban population),EN.URB.LCTY.UR.ZS,20.8014655146202
Turkey,TUR,1985,Population in the largest city (% of urban population),EN.URB.LCTY.UR.ZS,20.9831072175557
Turkey,TUR,1984,Population in the largest city (% of urban population),EN.URB.LCTY.UR.ZS,21.2943428616628
Turkey,TUR,1983,Population in the largest city (% of urban population),EN.URB.LCTY.UR.ZS,21.6583856678589
Turkey,TUR,1982,Population in the largest city (% of urban population),EN.URB.LCTY.UR.ZS,22.0716780266736
Turkey,TUR,1981,Population in the largest city (% of urban population),EN.URB.LCTY.UR.ZS,22.5291152456739
Turkey,TUR,1980,Population in the largest city (% of urban population),EN.URB.LCTY.UR.ZS,22.8385698594393
Turkey,TUR,1979,Population in the largest city (% of urban population),EN.URB.LCTY.UR.ZS,22.6814528080827
Turkey,TUR,1978,Population in the largest city (% of urban population),EN.URB.LCTY.UR.ZS,22.525084932363
Turkey,TUR,1977,Population in the largest city (% of urban population),EN.URB.LCTY.UR.ZS,22.3708034971563
Turkey,TUR,1976,Population in the largest city (% of urban population),EN.URB.LCTY.UR.ZS,22.2241686034079
Turkey,TUR,1975,Population in the largest city (% of urban population),EN.URB.LCTY.UR.ZS,22.0421692710659
Turkey,TUR,1974,Population in the largest city (% of urban population),EN.URB.LCTY.UR.ZS,21.7812451317161
Turkey,TUR,1973,Population in the largest city (% of urban population),EN.URB.LCTY.UR.ZS,21.5338259440619
Turkey,TUR,1972,Population in the largest city (% of urban population),EN.URB.LCTY.UR.ZS,21.29905543395
Turkey,TUR,1971,Population in the largest city (% of urban population),EN.URB.LCTY.UR.ZS,21.0695423727997
Turkey,TUR,1970,Population in the largest city (% of urban population),EN.URB.LCTY.UR.ZS,20.7887328929103
Turkey,TUR,1969,Population in the largest city (% of urban population),EN.URB.LCTY.UR.ZS,20.3924187510506
Turkey,TUR,1968,Population in the largest city (% of urban population),EN.URB.LCTY.UR.ZS,20.0088505491147
Turkey,TUR,1967,Population in the largest city (% of urban population),EN.URB.LCTY.UR.ZS,19.6346141824652
Turkey,TUR,1966,Population in the largest city (% of urban population),EN.URB.LCTY.UR.ZS,19.2749358364269
Turkey,TUR,1965,Population in the largest city (% of urban population),EN.URB.LCTY.UR.ZS,18.8771627771274
Turkey,TUR,1964,Population in the largest city (% of urban population),EN.URB.LCTY.UR.ZS,18.3870222906019
Turkey,TUR,1963,Population in the largest city (% of urban population),EN.URB.LCTY.UR.ZS,17.9096930891852
Turkey,TUR,1962,Population in the largest city (% of urban population),EN.URB.LCTY.UR.ZS,17.4503661375778
Turkey,TUR,1961,Population in the largest city (% of urban population),EN.URB.LCTY.UR.ZS,17.0071772654369
Turkey,TUR,1960,Population in the largest city (% of urban population),EN.URB.LCTY.UR.ZS,16.7864223089458
Turkey,TUR,2021,Population in urban agglomerations of more than 1 million,EN.URB.MCTY,31852051
Turkey,TUR,2020,Population in urban agglomerations of more than 1 million,EN.URB.MCTY,31344136
Turkey,TUR,2019,Population in urban agglomerations of more than 1 million,EN.URB.MCTY,30836753
Turkey,TUR,2018,Population in urban agglomerations of more than 1 million,EN.URB.MCTY,30339219
Turkey,TUR,2017,Population in urban agglomerations of more than 1 million,EN.URB.MCTY,29853900
Turkey,TUR,2016,Population in urban agglomerations of more than 1 million,EN.URB.MCTY,29377612
Turkey,TUR,2015,Population in urban agglomerations of more than 1 million,EN.URB.MCTY,28908251
Turkey,TUR,2014,Population in urban agglomerations of more than 1 million,EN.URB.MCTY,28416288
Turkey,TUR,2013,Population in urban agglomerations of more than 1 million,EN.URB.MCTY,27903045
Turkey,TUR,2012,Population in urban agglomerations of more than 1 million,EN.URB.MCTY,27400782
Turkey,TUR,2011,Population in urban agglomerations of more than 1 million,EN.URB.MCTY,26706973
Turkey,TUR,2010,Population in urban agglomerations of more than 1 million,EN.URB.MCTY,25839645
Turkey,TUR,2009,Population in urban agglomerations of more than 1 million,EN.URB.MCTY,25001389
Turkey,TUR,2008,Population in urban agglomerations of more than 1 million,EN.URB.MCTY,24192300
Turkey,TUR,2007,Population in urban agglomerations of more than 1 million,EN.URB.MCTY,23408128
Turkey,TUR,2006,Population in urban agglomerations of more than 1 million,EN.URB.MCTY,22651235
Turkey,TUR,2005,Population in urban agglomerations of more than 1 million,EN.URB.MCTY,21919627
Turkey,TUR,2004,Population in urban agglomerations of more than 1 million,EN.URB.MCTY,21213396
Turkey,TUR,2003,Population in urban agglomerations of more than 1 million,EN.URB.MCTY,20528831
Turkey,TUR,2002,Population in urban agglomerations of more than 1 million,EN.URB.MCTY,19868003
Turkey,TUR,2001,Population in urban agglomerations of more than 1 million,EN.URB.MCTY,19229175
Turkey,TUR,2000,Population in urban agglomerations of more than 1 million,EN.URB.MCTY,18651191
Turkey,TUR,1999,Population in urban agglomerations of more than 1 million,EN.URB.MCTY,18174366
Turkey,TUR,1998,Population in urban agglomerations of more than 1 million,EN.URB.MCTY,17711183
Turkey,TUR,1997,Population in urban agglomerations of more than 1 million,EN.URB.MCTY,17237879
Turkey,TUR,1996,Population in urban agglomerations of more than 1 million,EN.URB.MCTY,16747656
Turkey,TUR,1995,Population in urban agglomerations of more than 1 million,EN.URB.MCTY,16270732
Turkey,TUR,1994,Population in urban agglomerations of more than 1 million,EN.URB.MCTY,15808652
Turkey,TUR,1993,Population in urban agglomerations of more than 1 million,EN.URB.MCTY,15360308
Turkey,TUR,1992,Population in urban agglomerations of more than 1 million,EN.URB.MCTY,14925862
Turkey,TUR,1991,Population in urban agglomerations of more than 1 million,EN.URB.MCTY,14503135
Turkey,TUR,1990,Population in urban agglomerations of more than 1 million,EN.URB.MCTY,14053150
Turkey,TUR,1989,Population in urban agglomerations of more than 1 million,EN.URB.MCTY,13530218
Turkey,TUR,1988,Population in urban agglomerations of more than 1 million,EN.URB.MCTY,13028586
Turkey,TUR,1987,Population in urban agglomerations of more than 1 million,EN.URB.MCTY,12545347
Turkey,TUR,1986,Population in urban agglomerations of more than 1 million,EN.URB.MCTY,12081698
Turkey,TUR,1985,Population in urban agglomerations of more than 1 million,EN.URB.MCTY,11621250
Turkey,TUR,1984,Population in urban agglomerations of more than 1 million,EN.URB.MCTY,11146960
Turkey,TUR,1983,Population in urban agglomerations of more than 1 million,EN.URB.MCTY,10691381
Turkey,TUR,1982,Population in urban agglomerations of more than 1 million,EN.URB.MCTY,10255564
Turkey,TUR,1981,Population in urban agglomerations of more than 1 million,EN.URB.MCTY,9838042
Turkey,TUR,1980,Population in urban agglomerations of more than 1 million,EN.URB.MCTY,9449544
Turkey,TUR,1979,Population in urban agglomerations of more than 1 million,EN.URB.MCTY,9103750
Turkey,TUR,1978,Population in urban agglomerations of more than 1 million,EN.URB.MCTY,8772796
Turkey,TUR,1977,Population in urban agglomerations of more than 1 million,EN.URB.MCTY,8455525
Turkey,TUR,1976,Population in urban agglomerations of more than 1 million,EN.URB.MCTY,8151709
Turkey,TUR,1975,Population in urban agglomerations of more than 1 million,EN.URB.MCTY,7844025
Turkey,TUR,1974,Population in urban agglomerations of more than 1 million,EN.URB.MCTY,7518187
Turkey,TUR,1973,Population in urban agglomerations of more than 1 million,EN.URB.MCTY,7207161
Turkey,TUR,1972,Population in urban agglomerations of more than 1 million,EN.URB.MCTY,6910649
Turkey,TUR,1971,Population in urban agglomerations of more than 1 million,EN.URB.MCTY,6626792
Turkey,TUR,1970,Population in urban agglomerations of more than 1 million,EN.URB.MCTY,6319334
Turkey,TUR,1969,Population in urban agglomerations of more than 1 million,EN.URB.MCTY,5953800
Turkey,TUR,1968,Population in urban agglomerations of more than 1 million,EN.URB.MCTY,5612723
Turkey,TUR,1967,Population in urban agglomerations of more than 1 million,EN.URB.MCTY,5293097
Turkey,TUR,1966,Population in urban agglomerations of more than 1 million,EN.URB.MCTY,4994752
Turkey,TUR,1965,Population in urban agglomerations of more than 1 million,EN.URB.MCTY,4697467
Turkey,TUR,1964,Population in urban agglomerations of more than 1 million,EN.URB.MCTY,4382367
Turkey,TUR,1963,Population in urban agglomerations of more than 1 million,EN.URB.MCTY,4088345
Turkey,TUR,1962,Population in urban agglomerations of more than 1 million,EN.URB.MCTY,3815085
Turkey,TUR,1961,Population in urban agglomerations of more than 1 million,EN.URB.MCTY,3560717
Turkey,TUR,1960,Population in urban agglomerations of more than 1 million,EN.URB.MCTY,3349316
Turkey,TUR,2021,Population in urban agglomerations of more than 1 million (% of total population),EN.URB.MCTY.TL.ZS,37.4540538315911
Turkey,TUR,2020,Population in urban agglomerations of more than 1 million (% of total population),EN.URB.MCTY.TL.ZS,37.1644329430393
Turkey,TUR,2019,Population in urban agglomerations of more than 1 million (% of total population),EN.URB.MCTY.TL.ZS,36.9614026828629
Turkey,TUR,2018,Population in urban agglomerations of more than 1 million (% of total population),EN.URB.MCTY.TL.ZS,36.8462300684879
Turkey,TUR,2017,Population in urban agglomerations of more than 1 million (% of total population),EN.URB.MCTY.TL.ZS,36.8037551347013
Turkey,TUR,2016,Population in urban agglomerations of more than 1 million (% of total population),EN.URB.MCTY.TL.ZS,36.8011982983186
Turkey,TUR,2015,Population in urban agglomerations of more than 1 million (% of total population),EN.URB.MCTY.TL.ZS,36.8120044396614
Turkey,TUR,2014,Population in urban agglomerations of more than 1 million (% of total population),EN.URB.MCTY.TL.ZS,36.794716489716
Turkey,TUR,2013,Population in urban agglomerations of more than 1 million (% of total population),EN.URB.MCTY.TL.ZS,36.7505803784855
Turkey,TUR,2012,Population in urban agglomerations of more than 1 million (% of total population),EN.URB.MCTY.TL.ZS,36.7051548078777
Turkey,TUR,2011,Population in urban agglomerations of more than 1 million (% of total population),EN.URB.MCTY.TL.ZS,36.3640927456727
Turkey,TUR,2010,Population in urban agglomerations of more than 1 million (% of total population),EN.URB.MCTY.TL.ZS,35.7261435675356
Turkey,TUR,2009,Population in urban agglomerations of more than 1 million (% of total population),EN.URB.MCTY.TL.ZS,35.054537483459
Turkey,TUR,2008,Population in urban agglomerations of more than 1 million (% of total population),EN.URB.MCTY.TL.ZS,34.3549799021884
Turkey,TUR,2007,Population in urban agglomerations of more than 1 million (% of total population),EN.URB.MCTY.TL.ZS,33.6411386796333
Turkey,TUR,2006,Population in urban agglomerations of more than 1 million (% of total population),EN.URB.MCTY.TL.ZS,32.9439881365059
Turkey,TUR,2005,Population in urban agglomerations of more than 1 million (% of total population),EN.URB.MCTY.TL.ZS,32.2805740343633
Turkey,TUR,2004,Population in urban agglomerations of more than 1 million (% of total population),EN.URB.MCTY.TL.ZS,31.6566207930557
Turkey,TUR,2003,Population in urban agglomerations of more than 1 million (% of total population),EN.URB.MCTY.TL.ZS,31.0622132728633
Turkey,TUR,2002,Population in urban agglomerations of more than 1 million (% of total population),EN.URB.MCTY.TL.ZS,30.4979570531788
Turkey,TUR,2001,Population in urban agglomerations of more than 1 million (% of total population),EN.URB.MCTY.TL.ZS,29.9556053836598
Turkey,TUR,2000,Population in urban agglomerations of more than 1 million (% of total population),EN.URB.MCTY.TL.ZS,29.4926204846044
Turkey,TUR,1999,Population in urban agglomerations of more than 1 million (% of total population),EN.URB.MCTY.TL.ZS,29.1782425113937
Turkey,TUR,1998,Population in urban agglomerations of more than 1 million (% of total population),EN.URB.MCTY.TL.ZS,28.878656030487
Turkey,TUR,1997,Population in urban agglomerations of more than 1 million (% of total population),EN.URB.MCTY.TL.ZS,28.5525011018663
Turkey,TUR,1996,Population in urban agglomerations of more than 1 million (% of total population),EN.URB.MCTY.TL.ZS,28.1836623014974
Turkey,TUR,1995,Population in urban agglomerations of more than 1 million (% of total population),EN.URB.MCTY.TL.ZS,27.8196593662467
Turkey,TUR,1994,Population in urban agglomerations of more than 1 million (% of total population),EN.URB.MCTY.TL.ZS,27.4626408920168
Turkey,TUR,1993,Population in urban agglomerations of more than 1 million (% of total population),EN.URB.MCTY.TL.ZS,27.1125782048049
Turkey,TUR,1992,Population in urban agglomerations of more than 1 million (% of total population),EN.URB.MCTY.TL.ZS,26.7733528092172
Turkey,TUR,1991,Population in urban agglomerations of more than 1 million (% of total population),EN.URB.MCTY.TL.ZS,26.4459840379194
Turkey,TUR,1990,Population in urban agglomerations of more than 1 million (% of total population),EN.URB.MCTY.TL.ZS,26.0621139244014
Turkey,TUR,1989,Population in urban agglomerations of more than 1 million (% of total population),EN.URB.MCTY.TL.ZS,25.5323363906037
Turkey,TUR,1988,Population in urban agglomerations of more than 1 million (% of total population),EN.URB.MCTY.TL.ZS,25.0290949180928
Turkey,TUR,1987,Population in urban agglomerations of more than 1 million (% of total population),EN.URB.MCTY.TL.ZS,24.5501344104696
Turkey,TUR,1986,Population in urban agglomerations of more than 1 million (% of total population),EN.URB.MCTY.TL.ZS,24.1014321819176
Turkey,TUR,1985,Population in urban agglomerations of more than 1 million (% of total population),EN.URB.MCTY.TL.ZS,23.6521899897765
Turkey,TUR,1984,Population in urban agglomerations of more than 1 million (% of total population),EN.URB.MCTY.TL.ZS,23.1677337053264
Turkey,TUR,1983,Population in urban agglomerations of more than 1 million (% of total population),EN.URB.MCTY.TL.ZS,22.7121157628703
Turkey,TUR,1982,Population in urban agglomerations of more than 1 million (% of total population),EN.URB.MCTY.TL.ZS,22.2823952620434
Turkey,TUR,1981,Population in urban agglomerations of more than 1 million (% of total population),EN.URB.MCTY.TL.ZS,21.867947280912
Turkey,TUR,1980,Population in urban agglomerations of more than 1 million (% of total population),EN.URB.MCTY.TL.ZS,21.4879707491173
Turkey,TUR,1979,Population in urban agglomerations of more than 1 million (% of total population),EN.URB.MCTY.TL.ZS,21.1744450271867
Turkey,TUR,1978,Population in urban agglomerations of more than 1 million (% of total population),EN.URB.MCTY.TL.ZS,20.8677439284407
Turkey,TUR,1977,Population in urban agglomerations of more than 1 million (% of total population),EN.URB.MCTY.TL.ZS,20.5689047148398
Turkey,TUR,1976,Population in urban agglomerations of more than 1 million (% of total population),EN.URB.MCTY.TL.ZS,20.283150144387
Turkey,TUR,1975,Population in urban agglomerations of more than 1 million (% of total population),EN.URB.MCTY.TL.ZS,19.970912423118
Turkey,TUR,1974,Population in urban agglomerations of more than 1 million (% of total population),EN.URB.MCTY.TL.ZS,19.5937777672604
Turkey,TUR,1973,Population in urban agglomerations of more than 1 million (% of total population),EN.URB.MCTY.TL.ZS,19.2332881150782
Turkey,TUR,1972,Population in urban agglomerations of more than 1 million (% of total population),EN.URB.MCTY.TL.ZS,18.888125751508
Turkey,TUR,1971,Population in urban agglomerations of more than 1 million (% of total population),EN.URB.MCTY.TL.ZS,18.5517360947126
Turkey,TUR,1970,Population in urban agglomerations of more than 1 million (% of total population),EN.URB.MCTY.TL.ZS,18.1192807860101
Turkey,TUR,1969,Population in urban agglomerations of more than 1 million (% of total population),EN.URB.MCTY.TL.ZS,17.4826945901164
Turkey,TUR,1968,Population in urban agglomerations of more than 1 million (% of total population),EN.URB.MCTY.TL.ZS,16.8770884097272
Turkey,TUR,1967,Population in urban agglomerations of more than 1 million (% of total population),EN.URB.MCTY.TL.ZS,16.297487461818
Turkey,TUR,1966,Population in urban agglomerations of more than 1 million (% of total population),EN.URB.MCTY.TL.ZS,15.7476199892652
Turkey,TUR,1965,Population in urban agglomerations of more than 1 million (% of total population),EN.URB.MCTY.TL.ZS,15.1663306965849
Turkey,TUR,1964,Population in urban agglomerations of more than 1 million (% of total population),EN.URB.MCTY.TL.ZS,14.48991408551
Turkey,TUR,1963,Population in urban agglomerations of more than 1 million (% of total population),EN.URB.MCTY.TL.ZS,13.8440787119808
Turkey,TUR,1962,Population in urban agglomerations of more than 1 million (% of total population),EN.URB.MCTY.TL.ZS,13.2317391934216
Turkey,TUR,1961,Population in urban agglomerations of more than 1 million (% of total population),EN.URB.MCTY.TL.ZS,12.6504725616585
Turkey,TUR,1960,Population in urban agglomerations of more than 1 million (% of total population),EN.URB.MCTY.TL.ZS,12.1915938792107
Turkey,TUR,2016,Pump price for diesel fuel (US$ per liter),EP.PMP.DESL.CD,1.23
Turkey,TUR,2014,Pump price for diesel fuel (US$ per liter),EP.PMP.DESL.CD,1.9
Turkey,TUR,2012,Pump price for diesel fuel (US$ per liter),EP.PMP.DESL.CD,2.33
Turkey,TUR,2010,Pump price for diesel fuel (US$ per liter),EP.PMP.DESL.CD,2.03
Turkey,TUR,2008,Pump price for diesel fuel (US$ per liter),EP.PMP.DESL.CD,1.63
Turkey,TUR,2006,Pump price for diesel fuel (US$ per liter),EP.PMP.DESL.CD,1.62
Turkey,TUR,2004,Pump price for diesel fuel (US$ per liter),EP.PMP.DESL.CD,1.12
Turkey,TUR,2002,Pump price for diesel fuel (US$ per liter),EP.PMP.DESL.CD,0.78
Turkey,TUR,2000,Pump price for diesel fuel (US$ per liter),EP.PMP.DESL.CD,0.66
Turkey,TUR,1998,Pump price for diesel fuel (US$ per liter),EP.PMP.DESL.CD,0.47
Turkey,TUR,1995,Pump price for diesel fuel (US$ per liter),EP.PMP.DESL.CD,0.37
Turkey,TUR,2016,Pump price for gasoline (US$ per liter),EP.PMP.SGAS.CD,1.42
Turkey,TUR,2014,Pump price for gasoline (US$ per liter),EP.PMP.SGAS.CD,2.06
Turkey,TUR,2012,Pump price for gasoline (US$ per liter),EP.PMP.SGAS.CD,2.54
Turkey,TUR,2010,Pump price for gasoline (US$ per liter),EP.PMP.SGAS.CD,2.52
Turkey,TUR,2008,Pump price for gasoline (US$ per liter),EP.PMP.SGAS.CD,1.87
Turkey,TUR,2006,Pump price for gasoline (US$ per liter),EP.PMP.SGAS.CD,1.88
Turkey,TUR,2004,Pump price for gasoline (US$ per liter),EP.PMP.SGAS.CD,1.44
Turkey,TUR,2002,Pump price for gasoline (US$ per liter),EP.PMP.SGAS.CD,1.02
Turkey,TUR,2000,Pump price for gasoline (US$ per liter),EP.PMP.SGAS.CD,0.88
Turkey,TUR,1998,Pump price for gasoline (US$ per liter),EP.PMP.SGAS.CD,0.78
Turkey,TUR,1995,Pump price for gasoline (US$ per liter),EP.PMP.SGAS.CD,0.56
Turkey,TUR,2019,"Mortality caused by road traffic injury (per 100,000 population)",SH.STA.TRAF.P5,6.7
Turkey,TUR,2018,"Mortality caused by road traffic injury (per 100,000 population)",SH.STA.TRAF.P5,8.4
Turkey,TUR,2017,"Mortality caused by road traffic injury (per 100,000 population)",SH.STA.TRAF.P5,9.4
Turkey,TUR,2016,"Mortality caused by road traffic injury (per 100,000 population)",SH.STA.TRAF.P5,9.4
Turkey,TUR,2015,"Mortality caused by road traffic injury (per 100,000 population)",SH.STA.TRAF.P5,9.9
Turkey,TUR,2014,"Mortality caused by road traffic injury (per 100,000 population)",SH.STA.TRAF.P5,9.6
Turkey,TUR,2013,"Mortality caused by road traffic injury (per 100,000 population)",SH.STA.TRAF.P5,10.3
Turkey,TUR,2012,"Mortality caused by road traffic injury (per 100,000 population)",SH.STA.TRAF.P5,10.7
Turkey,TUR,2011,"Mortality caused by road traffic injury (per 100,000 population)",SH.STA.TRAF.P5,11
Turkey,TUR,2010,"Mortality caused by road traffic injury (per 100,000 population)",SH.STA.TRAF.P5,6.8
Turkey,TUR,2009,"Mortality caused by road traffic injury (per 100,000 population)",SH.STA.TRAF.P5,6.3
Turkey,TUR,2008,"Mortality caused by road traffic injury (per 100,000 population)",SH.STA.TRAF.P5,6.2
Turkey,TUR,2007,"Mortality caused by road traffic injury (per 100,000 population)",SH.STA.TRAF.P5,7.4
Turkey,TUR,2006,"Mortality caused by road traffic injury (per 100,000 population)",SH.STA.TRAF.P5,6.9
Turkey,TUR,2005,"Mortality caused by road traffic injury (per 100,000 population)",SH.STA.TRAF.P5,6.8
Turkey,TUR,2004,"Mortality caused by road traffic injury (per 100,000 population)",SH.STA.TRAF.P5,6.8
Turkey,TUR,2003,"Mortality caused by road traffic injury (per 100,000 population)",SH.STA.TRAF.P5,6.6
Turkey,TUR,2002,"Mortality caused by road traffic injury (per 100,000 population)",SH.STA.TRAF.P5,6.8
Turkey,TUR,2001,"Mortality caused by road traffic injury (per 100,000 population)",SH.STA.TRAF.P5,7
Turkey,TUR,2000,"Mortality caused by road traffic injury (per 100,000 population)",SH.STA.TRAF.P5,9
Turkey,TUR,2020,Urban population growth (annual %),SP.URB.GROW,1.7102872736367
Turkey,TUR,2019,Urban population growth (annual %),SP.URB.GROW,1.96052028552818
Turkey,TUR,2018,Urban population growth (annual %),SP.URB.GROW,2.16351371911989
Turkey,TUR,2017,Urban population growth (annual %),SP.URB.GROW,2.28690010533544
Turkey,TUR,2016,Urban population growth (annual %),SP.URB.GROW,2.34792286370094
Turkey,TUR,2015,Urban population growth (annual %),SP.URB.GROW,2.3975599960697
Turkey,TUR,2014,Urban population growth (annual %),SP.URB.GROW,2.452606367981
Turkey,TUR,2013,Urban population growth (annual %),SP.URB.GROW,2.46365649776829
Turkey,TUR,2012,Urban population growth (annual %),SP.URB.GROW,2.42905519088061
Turkey,TUR,2011,Urban population growth (annual %),SP.URB.GROW,2.34294926480855
Turkey,TUR,2010,Urban population growth (annual %),SP.URB.GROW,2.22807397872423
Turkey,TUR,2009,Urban population growth (annual %),SP.URB.GROW,2.11740453233486
Turkey,TUR,2008,Urban population growth (annual %),SP.URB.GROW,2.05765037089282
Turkey,TUR,2007,Urban population growth (annual %),SP.URB.GROW,2.06988196179462
Turkey,TUR,2006,Urban population growth (annual %),SP.URB.GROW,2.14403304484831
Turkey,TUR,2005,Urban population growth (annual %),SP.URB.GROW,2.23380486219973
Turkey,TUR,2004,Urban population growth (annual %),SP.URB.GROW,2.3157930191937
Turkey,TUR,2003,Urban population growth (annual %),SP.URB.GROW,2.38612554416117
Turkey,TUR,2002,Urban population growth (annual %),SP.URB.GROW,2.43949696339718
Turkey,TUR,2001,Urban population growth (annual %),SP.URB.GROW,2.41519948480883
Turkey,TUR,2000,Urban population growth (annual %),SP.URB.GROW,2.32143866821283
Turkey,TUR,1999,Urban population growth (annual %),SP.URB.GROW,2.3625110666141
Turkey,TUR,1998,Urban population growth (annual %),SP.URB.GROW,2.39884455514286
Turkey,TUR,1997,Urban population growth (annual %),SP.URB.GROW,2.42092657981064
Turkey,TUR,1996,Urban population growth (annual %),SP.URB.GROW,2.43861504983563
Turkey,TUR,1995,Urban population growth (annual %),SP.URB.GROW,2.45109264551091
Turkey,TUR,1994,Urban population growth (annual %),SP.URB.GROW,2.46662250730339
Turkey,TUR,1993,Urban population growth (annual %),SP.URB.GROW,2.49349469339528
Turkey,TUR,1992,Urban population growth (annual %),SP.URB.GROW,2.54241628604607
Turkey,TUR,1991,Urban population growth (annual %),SP.URB.GROW,2.98689047265285
Turkey,TUR,1990,Urban population growth (annual %),SP.URB.GROW,3.96561765048922
Turkey,TUR,1989,Urban population growth (annual %),SP.URB.GROW,4.07937279092661
Turkey,TUR,1988,Urban population growth (annual %),SP.URB.GROW,4.21862547894943
Turkey,TUR,1987,Urban population growth (annual %),SP.URB.GROW,4.35925369649993
Turkey,TUR,1986,Urban population growth (annual %),SP.URB.GROW,4.79055639961473
Turkey,TUR,1985,Urban population growth (annual %),SP.URB.GROW,5.61722377700016
Turkey,TUR,1984,Urban population growth (annual %),SP.URB.GROW,5.85140268197913
Turkey,TUR,1983,Urban population growth (annual %),SP.URB.GROW,6.04083412325575
Turkey,TUR,1982,Urban population growth (annual %),SP.URB.GROW,6.20187926905042
Turkey,TUR,1981,Urban population growth (annual %),SP.URB.GROW,5.44381056052133
Turkey,TUR,1980,Urban population growth (annual %),SP.URB.GROW,3.23369200919339
Turkey,TUR,1979,Urban population growth (annual %),SP.URB.GROW,3.22682779652106
Turkey,TUR,1978,Urban population growth (annual %),SP.URB.GROW,3.23132088908686
Turkey,TUR,1977,Urban population growth (annual %),SP.URB.GROW,3.25558858030296
Turkey,TUR,1976,Urban population growth (annual %),SP.URB.GROW,3.49371853107086
Turkey,TUR,1975,Urban population growth (annual %),SP.URB.GROW,3.95069256917485
Turkey,TUR,1974,Urban population growth (annual %),SP.URB.GROW,3.9990610695854
Turkey,TUR,1973,Urban population growth (annual %),SP.URB.GROW,4.03820748419235
Turkey,TUR,1972,Urban population growth (annual %),SP.URB.GROW,4.06513773036434
Turkey,TUR,1971,Urban population growth (annual %),SP.URB.GROW,4.23454712563849
Turkey,TUR,1970,Urban population growth (annual %),SP.URB.GROW,4.58467671634706
Turkey,TUR,1969,Urban population growth (annual %),SP.URB.GROW,4.60170095662761
Turkey,TUR,1968,Urban population growth (annual %),SP.URB.GROW,4.63040463500798
Turkey,TUR,1967,Urban population growth (annual %),SP.URB.GROW,4.66062303741953
Turkey,TUR,1966,Urban population growth (annual %),SP.URB.GROW,4.46280162371047
Turkey,TUR,1965,Urban population growth (annual %),SP.URB.GROW,3.99199738251521
Turkey,TUR,1964,Urban population growth (annual %),SP.URB.GROW,4.01072717753968
Turkey,TUR,1963,Urban population growth (annual %),SP.URB.GROW,4.03376431913656
Turkey,TUR,1962,Urban population growth (annual %),SP.URB.GROW,4.05941531309626
Turkey,TUR,1961,Urban population growth (annual %),SP.URB.GROW,4.15281513455042
Turkey,TUR,2020,Urban population,SP.URB.TOTL,64186247
Turkey,TUR,2019,Urban population,SP.URB.TOTL,63097812
Turkey,TUR,2018,Urban population,SP.URB.TOTL,61872814
Turkey,TUR,2017,Urban population,SP.URB.TOTL,60548564
Turkey,TUR,2016,Urban population,SP.URB.TOTL,59179592
Turkey,TUR,2015,Urban population,SP.URB.TOTL,57806286
Turkey,TUR,2014,Urban population,SP.URB.TOTL,56436828
Turkey,TUR,2013,Urban population,SP.URB.TOTL,55069491
Turkey,TUR,2012,Urban population,SP.URB.TOTL,53729344
Turkey,TUR,2011,Urban population,SP.URB.TOTL,52439952
Turkey,TUR,2010,Urban population,SP.URB.TOTL,51225592
Turkey,TUR,2009,Urban population,SP.URB.TOTL,50096869
Turkey,TUR,2008,Urban population,SP.URB.TOTL,49047267
Turkey,TUR,2007,Urban population,SP.URB.TOTL,48048358
Turkey,TUR,2006,Urban population,SP.URB.TOTL,47064036
Turkey,TUR,2005,Urban population,SP.URB.TOTL,46065708
Turkey,TUR,2004,Urban population,SP.URB.TOTL,45048098
Turkey,TUR,2003,Urban population,SP.URB.TOTL,44016864
Turkey,TUR,2002,Urban population,SP.URB.TOTL,42978998
Turkey,TUR,2001,Urban population,SP.URB.TOTL,41943212
Turkey,TUR,2000,Urban population,SP.URB.TOTL,40942335
Turkey,TUR,1999,Urban population,SP.URB.TOTL,40002831
Turkey,TUR,1998,Urban population,SP.URB.TOTL,39068836
Turkey,TUR,1997,Urban population,SP.URB.TOTL,38142787
Turkey,TUR,1996,Urban population,SP.URB.TOTL,37230466
Turkey,TUR,1995,Urban population,SP.URB.TOTL,36333539
Turkey,TUR,1994,Urban population,SP.URB.TOTL,35453796
Turkey,TUR,1993,Urban population,SP.URB.TOTL,34589982
Turkey,TUR,1992,Urban population,SP.URB.TOTL,33738147
Turkey,TUR,1991,Urban population,SP.URB.TOTL,32891195
Turkey,TUR,1990,Urban population,SP.URB.TOTL,31923298
Turkey,TUR,1989,Urban population,SP.URB.TOTL,30682115
Turkey,TUR,1988,Urban population,SP.URB.TOTL,29455663
Turkey,TUR,1987,Urban population,SP.URB.TOTL,28238885
Turkey,TUR,1986,Urban population,SP.URB.TOTL,27034326
Turkey,TUR,1985,Urban population,SP.URB.TOTL,25769763
Turkey,TUR,1984,Urban population,SP.URB.TOTL,24362123
Turkey,TUR,1983,Urban population,SP.URB.TOTL,22977502
Turkey,TUR,1982,Urban population,SP.URB.TOTL,21630562
Turkey,TUR,1981,Urban population,SP.URB.TOTL,20329813
Turkey,TUR,1980,Urban population,SP.URB.TOTL,19252681
Turkey,TUR,1979,Urban population,SP.URB.TOTL,18640067
Turkey,TUR,1978,Urban population,SP.URB.TOTL,18048185
Turkey,TUR,1977,Urban population,SP.URB.TOTL,17474312
Turkey,TUR,1976,Urban population,SP.URB.TOTL,16914581
Turkey,TUR,1975,Urban population,SP.URB.TOTL,16333837
Turkey,TUR,1974,Urban population,SP.URB.TOTL,15701118
Turkey,TUR,1973,Urban population,SP.URB.TOTL,15085610
Turkey,TUR,1972,Urban population,SP.URB.TOTL,14488558
Turkey,TUR,1971,Urban population,SP.URB.TOTL,13911389
Turkey,TUR,1970,Urban population,SP.URB.TOTL,13334603
Turkey,TUR,1969,Urban population,SP.URB.TOTL,12737057
Turkey,TUR,1968,Urban population,SP.URB.TOTL,12164217
Turkey,TUR,1967,Urban population,SP.URB.TOTL,11613806
Turkey,TUR,1966,Urban population,SP.URB.TOTL,11084950
Turkey,TUR,1965,Urban population,SP.URB.TOTL,10601127
Turkey,TUR,1964,Urban population,SP.URB.TOTL,10186266
Turkey,TUR,1963,Urban population,SP.URB.TOTL,9785807
Turkey,TUR,1962,Urban population,SP.URB.TOTL,9398926
Turkey,TUR,1961,Urban population,SP.URB.TOTL,9025025
Turkey,TUR,1960,Urban population,SP.URB.TOTL,8657908
Turkey,TUR,2020,Urban population (% of total population),SP.URB.TOTL.IN.ZS,76.105
Turkey,TUR,2019,Urban population (% of total population),SP.URB.TOTL.IN.ZS,75.63
Turkey,TUR,2018,Urban population (% of total population),SP.URB.TOTL.IN.ZS,75.143
Turkey,TUR,2017,Urban population (% of total population),SP.URB.TOTL.IN.ZS,74.644
Turkey,TUR,2016,Urban population (% of total population),SP.URB.TOTL.IN.ZS,74.134
Turkey,TUR,2015,Urban population (% of total population),SP.URB.TOTL.IN.ZS,73.611
Turkey,TUR,2014,Urban population (% of total population),SP.URB.TOTL.IN.ZS,73.077
Turkey,TUR,2013,Urban population (% of total population),SP.URB.TOTL.IN.ZS,72.531
Turkey,TUR,2012,Urban population (% of total population),SP.URB.TOTL.IN.ZS,71.974
Turkey,TUR,2011,Urban population (% of total population),SP.URB.TOTL.IN.ZS,71.402
Turkey,TUR,2010,Urban population (% of total population),SP.URB.TOTL.IN.ZS,70.825
Turkey,TUR,2009,Urban population (% of total population),SP.URB.TOTL.IN.ZS,70.241
Turkey,TUR,2008,Urban population (% of total population),SP.URB.TOTL.IN.ZS,69.651
Turkey,TUR,2007,Urban population (% of total population),SP.URB.TOTL.IN.ZS,69.053
Turkey,TUR,2006,Urban population (% of total population),SP.URB.TOTL.IN.ZS,68.45
Turkey,TUR,2005,Urban population (% of total population),SP.URB.TOTL.IN.ZS,67.84
Turkey,TUR,2004,Urban population (% of total population),SP.URB.TOTL.IN.ZS,67.225
Turkey,TUR,2003,Urban population (% of total population),SP.URB.TOTL.IN.ZS,66.602
Turkey,TUR,2002,Urban population (% of total population),SP.URB.TOTL.IN.ZS,65.974
Turkey,TUR,2001,Urban population (% of total population),SP.URB.TOTL.IN.ZS,65.34
Turkey,TUR,2000,Urban population (% of total population),SP.URB.TOTL.IN.ZS,64.741
Turkey,TUR,1999,Urban population (% of total population),SP.URB.TOTL.IN.ZS,64.223
Turkey,TUR,1998,Urban population (% of total population),SP.URB.TOTL.IN.ZS,63.703
Turkey,TUR,1997,Urban population (% of total population),SP.URB.TOTL.IN.ZS,63.179
Turkey,TUR,1996,Urban population (% of total population),SP.URB.TOTL.IN.ZS,62.653
Turkey,TUR,1995,Urban population (% of total population),SP.URB.TOTL.IN.ZS,62.123
Turkey,TUR,1994,Urban population (% of total population),SP.URB.TOTL.IN.ZS,61.59
Turkey,TUR,1993,Urban population (% of total population),SP.URB.TOTL.IN.ZS,61.055
Turkey,TUR,1992,Urban population (% of total population),SP.URB.TOTL.IN.ZS,60.518
Turkey,TUR,1991,Urban population (% of total population),SP.URB.TOTL.IN.ZS,59.976
Turkey,TUR,1990,Urban population (% of total population),SP.URB.TOTL.IN.ZS,59.203
Turkey,TUR,1989,Urban population (% of total population),SP.URB.TOTL.IN.ZS,57.899
Turkey,TUR,1988,Urban population (% of total population),SP.URB.TOTL.IN.ZS,56.587
Turkey,TUR,1987,Urban population (% of total population),SP.URB.TOTL.IN.ZS,55.261
Turkey,TUR,1986,Urban population (% of total population),SP.URB.TOTL.IN.ZS,53.93
Turkey,TUR,1985,Urban population (% of total population),SP.URB.TOTL.IN.ZS,52.448
Turkey,TUR,1984,Urban population (% of total population),SP.URB.TOTL.IN.ZS,50.634
Turkey,TUR,1983,Urban population (% of total population),SP.URB.TOTL.IN.ZS,48.812
Turkey,TUR,1982,Urban population (% of total population),SP.URB.TOTL.IN.ZS,46.997
Turkey,TUR,1981,Urban population (% of total population),SP.URB.TOTL.IN.ZS,45.189
Turkey,TUR,1980,Urban population (% of total population),SP.URB.TOTL.IN.ZS,43.78
Turkey,TUR,1979,Urban population (% of total population),SP.URB.TOTL.IN.ZS,43.355
Turkey,TUR,1978,Urban population (% of total population),SP.URB.TOTL.IN.ZS,42.931
Turkey,TUR,1977,Urban population (% of total population),SP.URB.TOTL.IN.ZS,42.508
Turkey,TUR,1976,Urban population (% of total population),SP.URB.TOTL.IN.ZS,42.087
Turkey,TUR,1975,Urban population (% of total population),SP.URB.TOTL.IN.ZS,41.586
Turkey,TUR,1974,Urban population (% of total population),SP.URB.TOTL.IN.ZS,40.92
Turkey,TUR,1973,Urban population (% of total population),SP.URB.TOTL.IN.ZS,40.258
Turkey,TUR,1972,Urban population (% of total population),SP.URB.TOTL.IN.ZS,39.6
Turkey,TUR,1971,Urban population (% of total population),SP.URB.TOTL.IN.ZS,38.945
Turkey,TUR,1970,Urban population (% of total population),SP.URB.TOTL.IN.ZS,38.234
Turkey,TUR,1969,Urban population (% of total population),SP.URB.TOTL.IN.ZS,37.401
Turkey,TUR,1968,Urban population (% of total population),SP.URB.TOTL.IN.ZS,36.577
Turkey,TUR,1967,Urban population (% of total population),SP.URB.TOTL.IN.ZS,35.759
Turkey,TUR,1966,Urban population (% of total population),SP.URB.TOTL.IN.ZS,34.949
Turkey,TUR,1965,Urban population (% of total population),SP.URB.TOTL.IN.ZS,34.227
Turkey,TUR,1964,Urban population (% of total population),SP.URB.TOTL.IN.ZS,33.68
Turkey,TUR,1963,Urban population (% of total population),SP.URB.TOTL.IN.ZS,33.137
Turkey,TUR,1962,Urban population (% of total population),SP.URB.TOTL.IN.ZS,32.598
Turkey,TUR,1961,Urban population (% of total population),SP.URB.TOTL.IN.ZS,32.064
Turkey,TUR,1960,Urban population (% of total population),SP.URB.TOTL.IN.ZS,31.515
